type,number,title,published,duration_seconds,audio_url,episode_page,art,notes,transcript,description
episode,447,Bill Elliot's NASCAR Challenge,2026-09-25,2102,https://traffic.megaphone.fm/APO9906885377.mp3,https://podcasters.spotify.com/pod/show/nestalgia/episodes/447---Bill-Elliots-NASCAR-Challenge-e3njqtp,assets/episode-art/447-bill-elliots-nascar-challenge.jpg,episodes/447-bill-elliots-nascar-challenge.md,t,"Support NEStalgia directly by becoming a member of our Patreon at https://www.patreon.com/Nestalgia  Members at the $5 and above level get access to our brand new show NEStalgia Bytes. A look at the famicom games you can play without any Japanese knowledge! For More NEStalgia, visit www.NEStalgiacast.com"
episode,446,Touchdown Fever,2026-09-18,1513,https://traffic.megaphone.fm/APO5880647209.mp3,https://podcasters.spotify.com/pod/show/nestalgia/episodes/446---Touchdown-Fever-e3og543,assets/episode-art/446-touchdown-fever.jpg,episodes/446-touchdown-fever.md,t,"Support NEStalgia directly by becoming a member of our Patreon at https://www.patreon.com/Nestalgia  Members at the $5 and above level get access to our brand new show NEStalgia Bytes. A look at the famicom games you can play without any Japanese knowledge! For More NEStalgia, visit www.NEStalgiacast.com"
episode,445,Super Cars,2026-09-11,1705,https://traffic.megaphone.fm/APO9406702875.mp3,https://podcasters.spotify.com/pod/show/nestalgia/episodes/445---Super-Cars-e3ojp5u,assets/episode-art/445-super-cars.jpg,episodes/445-super-cars.md,t,"Support NEStalgia directly by becoming a member of our Patreon at https://www.patreon.com/Nestalgia  Members at the $5 and above level get access to our brand new show NEStalgia Bytes. A look at the famicom games you can play without any Japanese knowledge! For More NEStalgia, visit www.NEStalgiacast.com"
episode,444,Ski or Die,2026-09-04,2748,https://anchor.fm/s/5808ab8/podcast/play/123822546/https%3A%2F%2Fd3ctxlq1ktw2nl.cloudfront.net%2Fstaging%2F2026-7-5%2F9b043877-050f-5f16-0a31-2b810ae1ce86.mp3,https://podcasters.spotify.com/pod/show/nestalgia/episodes/444---Ski-or-Die-e3n190i,assets/episode-art/444-ski-or-die.jpg,episodes/444-ski-or-die.md,t,"Support NEStalgia directly by becoming a member of our Patreon at https://www.patreon.com/Nestalgia  Members at the $5 and above level get access to our brand new show NEStalgia Bytes. A look at the famicom games you can play without any Japanese knowledge! For More NEStalgia, visit www.NEStalgiacast.com"
episode,443,The Simpsons: Bart vs The Space Mutants,2026-08-28,2541,https://anchor.fm/s/5808ab8/podcast/play/123822421/https%3A%2F%2Fd3ctxlq1ktw2nl.cloudfront.net%2Fstaging%2F2026-7-5%2Fa8b1ea41-5926-096b-0ca3-6d10823caf2b.mp3,https://podcasters.spotify.com/pod/show/nestalgia/episodes/443---The-Simpsons-Bart-vs-The-Space-Mutants-e3n18sl,assets/episode-art/443-the-simpsons-bart-vs-the-space-mutants.jpg,episodes/443-the-simpsons-bart-vs-the-space-mutants.md,t,"Support NEStalgia directly by becoming a member of our Patreon at https://www.patreon.com/Nestalgia  Members at the $5 and above level get access to our brand new show NEStalgia Bytes. A look at the famicom games you can play without any Japanese knowledge! For More NEStalgia, visit www.NEStalgiacast.com"
episode,442,Princess Tomato in the Salad Kingdom,2026-08-21,2935,https://traffic.megaphone.fm/APO1659981707.mp3,https://podcasters.spotify.com/pod/show/nestalgia/episodes/442---Princess-Tomato-in-the-Salad-Kingdom-e3l6ifk,assets/episode-art/442-princess-tomato-in-the-salad-kingdom.jpg,episodes/442-princess-tomato-in-the-salad-kingdom.md,t,"Support NEStalgia directly by becoming a member of our Patreon at https://www.patreon.com/Nestalgia  Members at the $5 and above level get access to our brand new show NEStalgia Bytes. A look at the famicom games you can play without any Japanese knowledge! For More NEStalgia, visit www.NEStalgiacast.com"
episode,441,Metal Storm,2026-08-14,2853,https://traffic.megaphone.fm/APO4296875597.mp3,https://podcasters.spotify.com/pod/show/nestalgia/episodes/441---Metal-Storm-e3kjm7u,assets/episode-art/441-metal-storm.jpg,episodes/441-metal-storm.md,t,"Support NEStalgia directly by becoming a member of our Patreon at https://www.patreon.com/Nestalgia  Members at the $5 and above level get access to our brand new show NEStalgia Bytes. A look at the famicom games you can play without any Japanese knowledge! For More NEStalgia, visit www.NEStalgiacast.com"
episode,440,Magician,2026-08-07,3619,https://traffic.megaphone.fm/APO2695353664.mp3,https://podcasters.spotify.com/pod/show/nestalgia/episodes/440---Magician-e3kjlq0,assets/episode-art/440-magician.jpg,episodes/440-magician-outline.md; episodes/440-magician.md,t,"Support NEStalgia directly by becoming a member of our Patreon at https://www.patreon.com/Nestalgia  Members at the $5 and above level get access to our brand new show NEStalgia Bytes. A look at the famicom games you can play without any Japanese knowledge! For More NEStalgia, visit www.NEStalgiacast.com"
episode,439,The Last Ninja,2026-07-31,2128,https://traffic.megaphone.fm/APO6069511293.mp3,https://podcasters.spotify.com/pod/show/nestalgia/episodes/439---The-Last-Ninja-e3kfavr,assets/episode-art/439-the-last-ninja.jpg,episodes/439-the-last-ninja.md,t,"Support NEStalgia directly by becoming a member of our Patreon at https://www.patreon.com/Nestalgia  Members at the $5 and above level get access to our brand new show NEStalgia Bytes. A look at the famicom games you can play without any Japanese knowledge! For More NEStalgia, visit www.NEStalgiacast.com"
episode,438,Isolated Warrior,2026-07-24,2009,https://traffic.megaphone.fm/APO8963556426.mp3,https://podcasters.spotify.com/pod/show/nestalgia/episodes/438---Isolated-Warrior-e3kfau9,assets/episode-art/438-isolated-warrior.jpg,episodes/438-isolated-warrior.md,t,"Support NEStalgia directly by becoming a member of our Patreon at https://www.patreon.com/Nestalgia  Members at the $5 and above level get access to our brand new show NEStalgia Bytes. A look at the famicom games you can play without any Japanese knowledge! For More NEStalgia, visit www.NEStalgiacast.com"
episode,437,Ikari III: The Rescue,2026-07-17,1561,https://traffic.megaphone.fm/APO7340860864.mp3,https://podcasters.spotify.com/pod/show/nestalgia/episodes/437---Ikari-III-The-Rescue-e3kgo91,assets/episode-art/437-ikari-iii-the-rescue.jpg,episodes/437-ikari-iii-the-rescue.md,t,"Support NEStalgia directly by becoming a member of our Patreon at https://www.patreon.com/Nestalgia  Members at the $5 and above level get access to our brand new show NEStalgia Bytes. A look at the famicom games you can play without any Japanese knowledge! For More NEStalgia, visit www.NEStalgiacast.com"
episode,436,Galaxy 5000: Racing in the 51st Century,2026-07-10,2223,https://traffic.megaphone.fm/APO2587271270.mp3,https://podcasters.spotify.com/pod/show/nestalgia/episodes/436---Galaxy-5000-Racing-in-the-51st-Century-e3kgo79,assets/episode-art/436-galaxy-5000-racing-in-the-51st-century.jpg,episodes/436-galaxy-5000-racing-in-the-51st-century.md,t,"Support NEStalgia directly by becoming a member of our Patreon at https://www.patreon.com/Nestalgia  Members at the $5 and above level get access to our brand new show NEStalgia Bytes. A look at the famicom games you can play without any Japanese knowledge! For More NEStalgia, visit www.NEStalgiacast.com"
episode,435,Flying Warriors,2026-07-03,2681,https://traffic.megaphone.fm/APO4407608998.mp3,https://podcasters.spotify.com/pod/show/nestalgia/episodes/435---Flying-Warriors-e3jlud6,assets/episode-art/435-flying-warriors.jpg,episodes/435-flying-warriors.md,,"Support NEStalgia directly by becoming a member of our Patreon at https://www.patreon.com/Nestalgia  Members at the $5 and above level get access to our brand new show NEStalgia Bytes. A look at the famicom games you can play without any Japanese knowledge! For More NEStalgia, visit www.NEStalgiacast.com"
episode,434,Double Dragon III: The Sacred Stones,2026-06-26,2689,https://traffic.megaphone.fm/APO3746711439.mp3,https://podcasters.spotify.com/pod/show/nestalgia/episodes/434---Double-Dragon-III-The-Sacred-Stones-e3jauqm,assets/episode-art/434-double-dragon-iii-the-sacred-stones.jpg,episodes/434-double-dragon-iii-the-sacred-stones.md,,"Support NEStalgia directly by becoming a member of our Patreon at https://www.patreon.com/Nestalgia  Members at the $5 and above level get access to our brand new show NEStalgia Bytes. A look at the famicom games you can play without any Japanese knowledge! For More NEStalgia, visit www.NEStalgiacast.com"
episode,433,Conan: The Mysteries of Time,2026-06-19,2490,https://traffic.megaphone.fm/APO9949077171.mp3,https://podcasters.spotify.com/pod/show/nestalgia/episodes/433---Conan-The-Mysteries-of-Time-e3j07q2,assets/episode-art/433-conan-the-mysteries-of-time.jpg,episodes/433-conan-the-mysteries-of-time.md,,"Support NEStalgia directly by becoming a member of our Patreon at https://www.patreon.com/Nestalgia  Members at the $5 and above level get access to our brand new show NEStalgia Bytes. A look at the famicom games you can play without any Japanese knowledge! For More NEStalgia, visit www.NEStalgiacast.com"
episode,432,Adventure Island II,2026-06-12,2234,https://traffic.megaphone.fm/APO2051244933.mp3,https://podcasters.spotify.com/pod/show/nestalgia/episodes/432---Adventure-Island-II-e3j07n9,assets/episode-art/432-adventure-island-ii.jpg,episodes/432-adventure-island-ii.md,,"Support NEStalgia directly by becoming a member of our Patreon at https://www.patreon.com/Nestalgia  Members at the $5 and above level get access to our brand new show NEStalgia Bytes. A look at the famicom games you can play without any Japanese knowledge! For More NEStalgia, visit www.NEStalgiacast.com"
episode,431,Zombie Nation,2026-06-05,1952,https://traffic.megaphone.fm/APO5877285878.mp3,https://podcasters.spotify.com/pod/show/nestalgia/episodes/431---Zombie-Nation-e3ikt3o,assets/episode-art/431-zombie-nation.jpg,episodes/431-zombie-nation.md,,"Support NEStalgia directly by becoming a member of our Patreon at https://www.patreon.com/Nestalgia  Members at the $5 and above level get access to our brand new show NEStalgia Bytes. A look at the famicom games you can play without any Japanese knowledge! For More NEStalgia, visit www.NEStalgiacast.com"
episode,430,Wayne Gretzky Hockey,2026-05-29,1900,https://traffic.megaphone.fm/APO8011251090.mp3,https://podcasters.spotify.com/pod/show/nestalgia/episodes/430---Wayne-Gretzky-Hockey-e3ic7fg,assets/episode-art/430-wayne-gretzky-hockey.jpg,episodes/430-wayne-gretzky-hockey.md,,"Support NEStalgia directly by becoming a member of our Patreon at https://www.patreon.com/Nestalgia  Members at the $5 and above level get access to our brand new show NEStalgia Bytes. A look at the famicom games you can play without any Japanese knowledge! For More NEStalgia, visit www.NEStalgiacast.com"
episode,429,The Untouchables,2026-05-22,2390,https://traffic.megaphone.fm/APO8864986354.mp3,https://podcasters.spotify.com/pod/show/nestalgia/episodes/429---The-Untouchables-e3ic7e7,assets/episode-art/429-the-untouchables.jpg,episodes/429-the-untouchables.md,,"Support NEStalgia directly by becoming a member of our Patreon at https://www.patreon.com/Nestalgia  Members at the $5 and above level get access to our brand new show NEStalgia Bytes. A look at the famicom games you can play without any Japanese knowledge! For More NEStalgia, visit www.NEStalgiacast.com"
episode,428,Qix,2026-05-15,2599,https://traffic.megaphone.fm/APO8529228276.mp3,https://podcasters.spotify.com/pod/show/nestalgia/episodes/428---Qix-e3i09em,assets/episode-art/428-qix.jpg,episodes/428-qix.md,,"Support NEStalgia directly by becoming a member of our Patreon at https://www.patreon.com/Nestalgia  Members at the $5 and above level get access to our brand new show NEStalgia Bytes. A look at the famicom games you can play without any Japanese knowledge! For More NEStalgia, visit www.NEStalgiacast.com"
episode,427,Fox's Peter Pan and the Pirates: The Revenge of Captain Hook,2026-05-08,2626,https://traffic.megaphone.fm/APO8069287010.mp3,https://podcasters.spotify.com/pod/show/nestalgia/episodes/427---Foxs-Peter-Pan-and-the-Pirates-The-Revenge-of-Captain-Hook-e3i09de,assets/episode-art/427-foxs-peter-pan-and-the-pirates-the-revenge-of-captain-hook.jpg,episodes/427-foxs-peter-pan-and-the-pirates-the-revenge-of-captain-hook.md,,"Support NEStalgia directly by becoming a member of our Patreon at https://www.patreon.com/Nestalgia  Members at the $5 and above level get access to our brand new show NEStalgia Bytes. A look at the famicom games you can play without any Japanese knowledge! For More NEStalgia, visit www.NEStalgiacast.com"
episode,426,The Krion Conquest,2026-05-01,3079,https://traffic.megaphone.fm/APO6069134138.mp3,https://podcasters.spotify.com/pod/show/nestalgia/episodes/426---The-Krion-Conquest-e3hbcbl,assets/episode-art/426-the-krion-conquest.jpg,episodes/426-the-krion-conquest.md,,"Support NEStalgia directly by becoming a member of our Patreon at https://www.patreon.com/Nestalgia  Members at the $5 and above level get access to our brand new show NEStalgia Bytes. A look at the famicom games you can play without any Japanese knowledge! For More NEStalgia, visit www.NEStalgiacast.com"
episode,425,Kabuki Quantum Fighter,2026-04-24,2678,https://traffic.megaphone.fm/APO2925290906.mp3,https://podcasters.spotify.com/pod/show/nestalgia/episodes/425---Kabuki-Quantum-Fighter-e3hbc97,assets/episode-art/425-kabuki-quantum-fighter.jpg,episodes/425-kabuki-quantum-fighter.md,,"Support NEStalgia directly by becoming a member of our Patreon at https://www.patreon.com/Nestalgia  Members at the $5 and above level get access to our brand new show NEStalgia Bytes. A look at the famicom games you can play without any Japanese knowledge! For More NEStalgia, visit www.NEStalgiacast.com"
episode,424,The Hunt for Red October,2026-04-17,2376,https://traffic.megaphone.fm/APO3029039395.mp3,https://podcasters.spotify.com/pod/show/nestalgia/episodes/424---The-Hunt-for-Red-October-e3gvgh4,assets/episode-art/424-the-hunt-for-red-october.jpg,episodes/424-the-hunt-for-red-october.md,,"Support NEStalgia directly by becoming a member of our Patreon at https://www.patreon.com/Nestalgia  Members at the $5 and above level get access to our brand new show NEStalgia Bytes. A look at the famicom games you can play without any Japanese knowledge! For More NEStalgia, visit www.NEStalgiacast.com"
episode,423,G.I. Joe: A Real American Hero,2026-04-10,3419,https://traffic.megaphone.fm/APO3850309724.mp3,https://podcasters.spotify.com/pod/show/nestalgia/episodes/423---G-I--Joe-A-Real-American-Hero-e3gmlh8,assets/episode-art/423-g-i-joe-a-real-american-hero.jpg,episodes/423-g-i-joe-a-real-american-hero.md,,"Support NEStalgia directly by becoming a member of our Patreon at https://www.patreon.com/Nestalgia  Members at the $5 and above level get access to our brand new show NEStalgia Bytes. A look at the famicom games you can play without any Japanese knowledge! For More NEStalgia, visit www.NEStalgiacast.com"
episode,422,Fun House,2026-04-03,2335,https://traffic.megaphone.fm/APO7624457762.mp3,https://podcasters.spotify.com/pod/show/nestalgia/episodes/422---Fun-House-e3gmkoo,assets/episode-art/422-fun-house.jpg,episodes/422-fun-house.md,,"Support NEStalgia directly by becoming a member of our Patreon at https://www.patreon.com/Nestalgia  Members at the $5 and above level get access to our brand new show NEStalgia Bytes. A look at the famicom games you can play without any Japanese knowledge! For More NEStalgia, visit www.NEStalgiacast.com"
episode,421,Advanced Dungeons and Dragons: Heroes of the Lance,2026-03-27,3365,https://traffic.megaphone.fm/APO6783671748.mp3,https://podcasters.spotify.com/pod/show/nestalgia/episodes/421---Advanced-Dungeons-and-Dragons-Heroes-of-the-Lance-e3gmlf8,assets/episode-art/421-advanced-dungeons-and-dragons-heroes-of-the-lance.jpg,episodes/421-advanced-dungeons-and-dragons-heroes-of-the-lance.md,,"Support NEStalgia directly by becoming a member of our Patreon at https://www.patreon.com/Nestalgia  Members at the $5 and above level get access to our brand new show NEStalgia Bytes. A look at the famicom games you can play without any Japanese knowledge! For More NEStalgia, visit www.NEStalgiacast.com"
special,6,Best of 1990,2026-03-20,5661,https://traffic.megaphone.fm/APO9186812559.mp3,https://podcasters.spotify.com/pod/show/nestalgia/episodes/SPECIAL-006---Best-of-1990-e3fv0ck,assets/episode-art/s006-best-of-1990.jpg,episodes/specials/s006-best-of-1989.md; episodes/specials/s006-best-of-1990.md,,"Support NEStalgia directly by becoming a member of our Patreon at https://www.patreon.com/Nestalgia  Members at the $5 and above level get access to our brand new show NEStalgia Bytes. A look at the famicom games you can play without any Japanese knowledge! For More NEStalgia, visit www.NEStalgiacast.com"
episode,420,Ultima: Quest of the Avatar,2026-03-13,4372,https://traffic.megaphone.fm/APO2091037180.mp3,https://podcasters.spotify.com/pod/show/nestalgia/episodes/420---Ultima-Quest-of-the-Avatar-e3fhlbe,assets/episode-art/420-ultima-quest-of-the-avatar.jpg,episodes/420-ultima-quest-of-the-avatar.md,,"Support NEStalgia directly by becoming a member of our Patreon at https://www.patreon.com/Nestalgia  Members at the $5 and above level get access to our brand new show NEStalgia Bytes. A look at the famicom games you can play without any Japanese knowledge! For More NEStalgia, visit www.NEStalgiacast.com"
episode,419,Thunder and Lightning,2026-03-06,2331,https://traffic.megaphone.fm/APO5168607627.mp3,https://podcasters.spotify.com/pod/show/nestalgia/episodes/419---Thunder-and-Lightning-e3eujv5,assets/episode-art/419-thunder-and-lightning.jpg,episodes/419-thunder-and-lightning.md,,"Support NEStalgia directly by becoming a member of our Patreon at https://www.patreon.com/Nestalgia  Members at the $5 and above level get access to our brand new show NEStalgia Bytes. A look at the famicom games you can play without any Japanese knowledge! For More NEStalgia, visit www.NEStalgiacast.com"
episode,418,TMNT II: The Arcade Game,2026-02-27,2840,https://traffic.megaphone.fm/APO8816009176.mp3,https://podcasters.spotify.com/pod/show/nestalgia/episodes/418---TMNT-II-The-Arcade-Game-e3elbvg,assets/episode-art/418-tmnt-ii-the-arcade-game.jpg,episodes/418-tmnt-ii-the-arcade-game.md,,"Support NEStalgia directly by becoming a member of our Patreon at https://www.patreon.com/Nestalgia  Members at the $5 and above level get access to our brand new show NEStalgia Bytes. A look at the famicom games you can play without any Japanese knowledge! For More NEStalgia, visit www.NEStalgiacast.com"
episode,417,Super Spike V'Ball / Nintendo World Cup,2026-02-20,2188,https://traffic.megaphone.fm/APO7585952429.mp3,https://podcasters.spotify.com/pod/show/nestalgia/episodes/417---Super-Spike-VBall--Nintendo-World-Cup-e3elbs7,assets/episode-art/417-super-spike-vball-nintendo-world-cup.jpg,,,"Support NEStalgia directly by becoming a member of our Patreon at https://www.patreon.com/Nestalgia  Members at the $5 and above level get access to our brand new show NEStalgia Bytes. A look at the famicom games you can play without any Japanese knowledge! For More NEStalgia, visit www.NEStalgiacast.com"
episode,416,Super Mario Bros/Duck Hunt/World Class Track Meet,2026-02-13,1902,https://traffic.megaphone.fm/APO5793457066.mp3,https://podcasters.spotify.com/pod/show/nestalgia/episodes/416---Super-Mario-BrosDuck-HuntWorld-Class-Track-Meet-e3edc93,assets/episode-art/416-super-mario-bros-duck-hunt-world-class-track-meet.jpg,episodes/416-super-mario-bros-duck-hunt-world-class-track-meet.md,,"Support NEStalgia directly by becoming a member of our Patreon at https://www.patreon.com/Nestalgia  Members at the $5 and above level get access to our brand new show NEStalgia Bytes. A look at the famicom games you can play without any Japanese knowledge! For More NEStalgia, visit www.NEStalgiacast.com"
episode,415,StarTropics,2026-02-06,5358,https://traffic.megaphone.fm/APO2111636689.mp3,https://podcasters.spotify.com/pod/show/nestalgia/episodes/415---StarTropics-e3e1k4p,assets/episode-art/415-startropics.jpg,episodes/415-startropics.md,,"Support NEStalgia directly by becoming a member of our Patreon at https://www.patreon.com/Nestalgia  Members at the $5 and above level get access to our brand new show NEStalgia Bytes. A look at the famicom games you can play without any Japanese knowledge! For More NEStalgia, visit www.NEStalgiacast.com"
episode,414,Shadow of the Ninja,2026-01-30,2526,https://traffic.megaphone.fm/APO8696579693.mp3,https://podcasters.spotify.com/pod/show/nestalgia/episodes/414---Shadow-of-the-Ninja-e3dn23d,assets/episode-art/414-shadow-of-the-ninja.jpg,episodes/414-shadow-of-the-ninja.md,,"Support NEStalgia directly by becoming a member of our Patreon at https://www.patreon.com/Nestalgia  Members at the $5 and above level get access to our brand new show NEStalgia Bytes. A look at the famicom games you can play without any Japanese knowledge! For More NEStalgia, visit www.NEStalgiacast.com"
episode,413,North and South,2026-01-23,2630,https://traffic.megaphone.fm/APO5953421535.mp3,https://podcasters.spotify.com/pod/show/nestalgia/episodes/413---North-and-South-e3ddm1p,assets/episode-art/413-north-and-south.jpg,episodes/413-north-and-south.md,,"Support NEStalgia directly by becoming a member of our Patreon at https://www.patreon.com/Nestalgia  Members at the $5 and above level get access to our brand new show NEStalgia Bytes. A look at the famicom games you can play without any Japanese knowledge! For More NEStalgia, visit www.NEStalgiacast.com"
episode,412,Nintendo World Cup,2026-01-16,2372,https://traffic.megaphone.fm/APO1071002307.mp3,https://podcasters.spotify.com/pod/show/nestalgia/episodes/412---Nintendo-World-Cup-e3ddm00,assets/episode-art/412-nintendo-world-cup.jpg,episodes/412-nintendo-world-cup.md,,"Support NEStalgia directly by becoming a member of our Patreon at https://www.patreon.com/Nestalgia  Members at the $5 and above level get access to our brand new show NEStalgia Bytes. A look at the famicom games you can play without any Japanese knowledge! For More NEStalgia, visit www.NEStalgiacast.com"
episode,411,Ninja Crusaders,2026-01-09,2947,https://traffic.megaphone.fm/APO8845167810.mp3,https://podcasters.spotify.com/pod/show/nestalgia/episodes/411---Ninja-Crusaders-e3cnce3,assets/episode-art/411-ninja-crusaders.jpg,episodes/411-ninja-crusaders.md,,"A force of alien invaders has descended upon the Earth and has wiped out humanity for the most part. Some ninjas survived the onslaught, however, and two ninjas in particular, named Blade and Talon, are assigned to rid the planet of this alien menace. Support NEStalgia directly by becoming a member of our Patreon at https://www.patreon.com/Nestalgia  Members at the $5 and above level get access to our brand new show NEStalgia Bytes. A look at the famicom games you can play without any Japanese knowledge! For More NEStalgia, visit www.NEStalgiacast.com"
episode,410,Little Ninja Brothers,2026-01-02,2754,https://anchor.fm/s/5808ab8/podcast/play/112424409/https%3A%2F%2Fd3ctxlq1ktw2nl.cloudfront.net%2Fstaging%2F2025-11-10%2F50b9e399-1854-91ab-2f74-fdc582329ceb.mp3,https://podcasters.spotify.com/pod/show/nestalgia/episodes/410---Little-Ninja-Brothers-e3c5e0p,assets/episode-art/410-little-ninja-brothers.jpg,episodes/410-little-ninja-brothers.md,t,"Blu Boltar, lord of the Yoma clan has invaded Chinaland and captured the Emperor. Sending out a TV broadcast across the realm, Blu Boltar declares himself the ruler. Jack and Ryu are the ninja masters of Chinaland, training under their mentor at Mt. Epin. Having heard the news of the Emperor's capture they set out to defeat Blu Boltar and his Yoma Clan. Support NEStalgia directly by becoming a member of our Patreon at https://www.patreon.com/Nestalgia  Members at the $5 and above level get access to our brand new show NEStalgia Bytes. A look at the famicom games you can play without any Japanese knowledge! For More NEStalgia, visit www.NEStalgiacast.com"
episode,409,Jackie Chan's Action Kung-Fu,2025-12-26,2792,https://anchor.fm/s/5808ab8/podcast/play/112424260/https%3A%2F%2Fd3ctxlq1ktw2nl.cloudfront.net%2Fstaging%2F2025-11-10%2F4448d939-4858-fa6a-145e-aaa81a88c21f.mp3,https://podcasters.spotify.com/pod/show/nestalgia/episodes/409---Jackie-Chans-Action-Kung-Fu-e3c5ds4,assets/episode-art/409-jackie-chans-action-kung-fu.jpg,episodes/409-jackie-chans-action-kung-fu.md,t,"Jackie Chan and his twin sister Josephine were great kung fu fighters in China and trained under a great master. One day when Jackie and Josephine were out walking, the Master's great enemy, The Sorcerer, appeared. The Sorcerer had come to rule over China and knew the twins would stand in his way, so he cast a spell to make Josephine disappear. Now it's up to Jackie Chan to follow after the Sorcerer and battle his minions in order to rescue his sister and save China. Support NEStalgia directly by becoming a member of our Patreon at https://www.patreon.com/Nestalgia  Members at the $5 and above level get access to our brand new show NEStalgia Bytes. A look at the famicom games you can play without any Japanese knowledge! For More NEStalgia, visit www.NEStalgiacast.com"
episode,408,Dragon's Lair,2025-12-19,3671,https://anchor.fm/s/5808ab8/podcast/play/112126482/https%3A%2F%2Fd3ctxlq1ktw2nl.cloudfront.net%2Fstaging%2F2025-11-4%2Ff594c7cf-2743-f425-ffa6-3ec068cbeb70.mp3,https://podcasters.spotify.com/pod/show/nestalgia/episodes/408---Dragons-Lair-e3bsb2i,assets/episode-art/408-dragons-lair.jpg,episodes/408-dragons-lair.md,t,"The NES version for Dragon's Lair brings Dirk the Daring in a side-scrolling game, different from the interactive movie gameplay common to the other games under the same license. Support NEStalgia directly by becoming a member of our Patreon at https://www.patreon.com/Nestalgia  Members at the $5 and above level get access to our brand new show NEStalgia Bytes. A look at the famicom games you can play without any Japanese knowledge! For More NEStalgia, visit www.NEStalgiacast.com"
episode,407,Dirty Harry,2025-12-12,2750,https://anchor.fm/s/5808ab8/podcast/play/111468764/https%3A%2F%2Fd3ctxlq1ktw2nl.cloudfront.net%2Fstaging%2F2025-10-20%2F317c7ab5-cd59-8383-f59e-db2533b5ad20.mp3,https://podcasters.spotify.com/pod/show/nestalgia/episodes/407---Dirty-Harry-e3b88os,assets/episode-art/407-dirty-harry.jpg,episodes/407-dirty-harry.md,t,"You stomp through pixelated alleys, docks, and bizarre sewer mazes as a scowling block of justice with a revolver the size of the screen. Every thug, sniper, and explosive trash can feels like an excuse for Harry to growl a one liner and keep walking. It is clunky, mean, and weird in all the ways an 8 bit cop fantasy probably should be.  Support NEStalgia directly by becoming a member of our Patreon at https://www.patreon.com/Nestalgia  Members at the $5 and above level get access to our brand new show NEStalgia Bytes. A look at the famicom games you can play without any Japanese knowledge! For More NEStalgia, visit www.NEStalgiacast.com"
episode,406,Digger T. Rock,2025-12-05,2318,https://anchor.fm/s/5808ab8/podcast/play/112126948/https%3A%2F%2Fd3ctxlq1ktw2nl.cloudfront.net%2Fstaging%2F2025-11-4%2F4c775c79-4c73-a53b-f08c-f89518bb734c.mp3,https://podcasters.spotify.com/pod/show/nestalgia/episodes/406---Digger-T--Rock-e3bsbh4,assets/episode-art/406-digger-t-rock.jpg,episodes/406-digger-t-rock.md,t,"Digger T. Rock, a brave little miner who dares to dig where no shovel has gone before! He just loves to uncover underground wonders. And he dreams of discovering a buried city bursting with golden treasures and ancient relics. Support NEStalgia directly by becoming a member of our Patreon at https://www.patreon.com/Nestalgia  Members at the $5 and above level get access to our brand new show NEStalgia Bytes. A look at the famicom games you can play without any Japanese knowledge! For More NEStalgia, visit www.NEStalgiacast.com"
episode,405,Deja Vu: A Nightmare Comes True!!,2025-11-28,5883,https://anchor.fm/s/5808ab8/podcast/play/111468622/https%3A%2F%2Fd3ctxlq1ktw2nl.cloudfront.net%2Fstaging%2F2025-10-20%2Fa2645689-2979-2bd3-2167-4eab26756bc7.mp3,https://podcasters.spotify.com/pod/show/nestalgia/episodes/405---Deja-Vu-A-Nightmare-Comes-True-e3b88ke,assets/episode-art/405-deja-vu-a-nightmare-comes-true.jpg,episodes/405-deja-vu-a-nightmare-comes-true.md,t,"You wake up in a filthy bathroom, memory shredded, trench coat on, with Chicago’s icy wind waiting outside the window. Every screen is a little noir diorama where you poke, examine, and piece together a murder you might have had a hand in. The interface feels like rifling through a cluttered desk drawer, but uncovering the truth is as satisfying as solving your own crime novel.  Support NEStalgia directly by becoming a member of our Patreon at https://www.patreon.com/Nestalgia  Members at the $5 and above level get access to our brand new show NEStalgia Bytes. A look at the famicom games you can play without any Japanese knowledge! For More NEStalgia, visit www.NEStalgiacast.com"
episode,404,Bandit Kings of Ancient China,2025-11-21,2411,https://anchor.fm/s/5808ab8/podcast/play/111468526/https%3A%2F%2Fd3ctxlq1ktw2nl.cloudfront.net%2Fstaging%2F2025-10-20%2Fae7047ed-53ad-a159-1281-76bbcd8e917f.mp3,https://podcasters.spotify.com/pod/show/nestalgia/episodes/404---Bandit-Kings-of-Ancient-China-e3b88he,assets/episode-art/404-bandit-kings-of-ancient-china.jpg,episodes/404-bandit-kings-of-ancient-china.md,t,"A wall of menus hides an epic saga of warlords, droughts, and desperate rice shortages as you slowly stitch a battered China back together. One season you are recruiting wandering heroes in smoky taverns, the next you are marching armies across the map while praying the harvest does not fail. It feels less like an NES game and more like running a tiny, pixelated kingdom where every decision can doom or redeem your legend.  Support NEStalgia directly by becoming a member of our Patreon at https://www.patreon.com/Nestalgia  Members at the $5 and above level get access to our brand new show NEStalgia Bytes. A look at the famicom games you can play without any Japanese knowledge! For More NEStalgia, visit www.NEStalgiacast.com"
episode,403,The Adventures of Rad Gravity,2025-11-14,2489,https://anchor.fm/s/5808ab8/podcast/play/110794575/https%3A%2F%2Fd3ctxlq1ktw2nl.cloudfront.net%2Fstaging%2F2025-10-6%2F1f053374-1322-3907-59ba-69d457aa7d6a.mp3,https://podcasters.spotify.com/pod/show/nestalgia/episodes/403---The-Adventures-of-Rad-Gravity-e3ajmcf,assets/episode-art/403-the-adventures-of-rad-gravity.jpg,episodes/403-the-adventures-of-rad-gravity.md,t,"In this game you are Rad Gravity, a futuristic heroic spaceman. A mad scientist disrupts the peaceful universe and it is your job to visit various planets to re-establish contact between all the worlds. Sights vary between verdant planets, lava pits and hazardous jumps, with gravity variations and craters. For more episodes like this become a member of our Patreon at https://www.patreon.com/Nestalgia Members at the $5 and above level get access to our brand new show NEStalgia Bytes. For More NEStalgia, visit www.NEStalgiacast.com"
episode,402,Yo! Noid,2025-11-07,2262,https://anchor.fm/s/5808ab8/podcast/play/110785398/https%3A%2F%2Fd3ctxlq1ktw2nl.cloudfront.net%2Fstaging%2F2025-10-6%2Fcd148a84-51a2-9b53-6044-e20b7a4465e8.mp3,https://podcasters.spotify.com/pod/show/nestalgia/episodes/402---Yo--Noid-e3ajddm,assets/episode-art/402-yo-noid.jpg,episodes/402-yo-noid.md,t,"The Noid, the mascot from Domino's Pizza commercials during the 1980s, is in trouble. There is another Noid named Mr. Green, running through New York City playing practical jokes and causing trouble, but everyone is blaming the Noid for these shenanigans. Now the Noid must clear his name and save the city by catching this impostor. For more episodes like this become a member of our Patreon at https://www.patreon.com/Nestalgia  Members at the $5 and above level get access to our brand new show NEStalgia Bytes. For More NEStalgia, visit www.NEStalgiacast.com"
bytes,22,Sweet Home,2025-10-31,4330,https://traffic.megaphone.fm/APO6018401229.mp3,https://podcasters.spotify.com/pod/show/nestalgia/episodes/Nestalgia-Bytes-022---Sweet-Home-e3a8pnt,assets/episode-art/nb-022-sweet-home.jpg,episodes/bytes/nb-022-sweet-home.md,,"For more episodes like this become a member of our Patreon at https://www.patreon.com/Nestalgia  Members at the $5 and above level get access to our brand new show NEStalgia Bytes. For More NEStalgia, visit www.NEStalgiacast.com"
episode,401,WWF Wrestlemania Challenge,2025-10-31,2623,https://anchor.fm/s/5808ab8/podcast/play/110120506/https%3A%2F%2Fd3ctxlq1ktw2nl.cloudfront.net%2Fstaging%2F2025-9-23%2Fdafbaf18-3dc1-4927-8165-9d6a186ec372.mp3,https://podcasters.spotify.com/pod/show/nestalgia/episodes/401---WWF-Wrestlemania-Challenge-e39v43q,assets/episode-art/401-wwf-wrestlemania-challenge.jpg,episodes/401-wwf-wrestlemania-challenge.md,t,"WWF Wrestlemania Challenge features many of the WWF greats, such as Ravishing Rick Rude, The Big Boss Man, Andre The Giant, ""The Macho Man"" Randy Savage, Hulk Hogan, ""Hacksaw"" Jim Duggan, Brutus ""The Barber"" Beefcake, and The Ultimate Warrior. Support NEStalgia directly by becoming a member of our Patreon at https://www.patreon.com/Nestalgia  Members at the $5 and above level get access to our brand new show NEStalgia Bytes. A look at the famicom games you can play without any Japanese knowledge! For More NEStalgia, visit www.NEStalgiacast.com"
episode,400,Werewolf: The Last Warrior,2025-10-24,5118,https://anchor.fm/s/5808ab8/podcast/play/109489491/https%3A%2F%2Fd3ctxlq1ktw2nl.cloudfront.net%2Fstaging%2F2025-9-10%2F54c68b84-6629-bf62-95f4-22d5d50fa4e5.mp3,https://podcasters.spotify.com/pod/show/nestalgia/episodes/400---Werewolf-The-Last-Warrior-e39brsj,assets/episode-art/400-werewolf-the-last-warrior.jpg,episodes/400-werewolf-the-last-warrior.md,t,"An evil leader and his gang of bio-engineered monsters has taken over the land and only one man stands in their way. Only he's not a man, he is a lycanthrope, a person able to transform into a terrible werewolf to let loose his anger. Support NEStalgia directly by becoming a member of our Patreon at https://www.patreon.com/Nestalgia  Members at the $5 and above level get access to our brand new show NEStalgia Bytes. A look at the famicom games you can play without any Japanese knowledge! For More NEStalgia, visit www.NEStalgiacast.com"
episode,399,The Silver Surfer,2025-10-17,3219,https://anchor.fm/s/5808ab8/podcast/play/109118769/https%3A%2F%2Fd3ctxlq1ktw2nl.cloudfront.net%2Fstaging%2F2025-9-2%2F13e9185a-50da-0fd4-a7be-ac9993b059e6.mp3,https://podcasters.spotify.com/pod/show/nestalgia/episodes/399---The-Silver-Surfer-e390hrh,assets/episode-art/399-the-silver-surfer.jpg,episodes/399-the-silver-surfer.md,,"The Silver Surfer has been summoned byGalactus. The Magick Dimension are trying to break through into the universe and their coming will end all life. Support NEStalgia directly by becoming a member of our Patreon at https://www.patreon.com/Nestalgia  Members at the $5 and above level get access to our brand new show NEStalgia Bytes. A look at the famicom games you can play without any Japanese knowledge! For More NEStalgia, visit www.NEStalgiacast.com"
episode,398,Puzznic,2025-10-10,2464,https://anchor.fm/s/5808ab8/podcast/play/108806959/https%3A%2F%2Fd3ctxlq1ktw2nl.cloudfront.net%2Fstaging%2F2025-8-25%2F7d557e85-469c-79f0-6960-8c8079cd308c.mp3,https://podcasters.spotify.com/pod/show/nestalgia/episodes/398---Puzznic-e38n1bf,assets/episode-art/398-puzznic.jpg,episodes/398-puzznic.md,,"The challenge in each level of Puzznic is to manoeuvre a selection of blocks into place so as to clear them all, by making them make contact with blocks of the same design. You control a cross-hair, which can move a block left or right, which can cause it to fall if there is no block under the space it would occupy. Support NEStalgia directly by becoming a member of our Patreon at https://www.patreon.com/Nestalgia  Members at the $5 and above level get access to our brand new show NEStalgia Bytes. A look at the famicom games you can play without any Japanese knowledge! For More NEStalgia, visit www.NEStalgiacast.com"
episode,397,The Punisher,2025-10-03,3028,https://anchor.fm/s/5808ab8/podcast/play/108493285/https%3A%2F%2Fd3ctxlq1ktw2nl.cloudfront.net%2Fstaging%2F2025-8-18%2Ff540d070-17ec-2fc8-01af-df7964dd81a7.mp3,https://podcasters.spotify.com/pod/show/nestalgia/episodes/397---The-Punisher-e38df15,assets/episode-art/397-the-punisher.jpg,episodes/397-the-punisher.md,,"The NES version of The Punisher is an on-rails shooter. It puts the player in control of Frank Castle from behind, as he trades fire with the gangs of some of his classic enemies. Support NEStalgia directly by becoming a member of our Patreon at https://www.patreon.com/Nestalgia  Members at the $5 and above level get access to our brand new show NEStalgia Bytes. A look at the famicom games you can play without any Japanese knowledge! For More NEStalgia, visit www.NEStalgiacast.com"
episode,396,Palamedes,2025-09-26,3200,https://anchor.fm/s/5808ab8/podcast/play/108207545/https%3A%2F%2Fd3ctxlq1ktw2nl.cloudfront.net%2Fstaging%2F2025-8-12%2F6b62c206-da73-5ad2-2980-fb0d2ffd6276.mp3,https://podcasters.spotify.com/pod/show/nestalgia/episodes/NES-396---Palamedes-e384nvp,assets/episode-art/396-palamedes.jpg,episodes/396-palamedes.md,,"Palamedes is a frantic puzzle game where dice constantly rain down the screen, threatening to overwhelm you. You race left and right, changing your held die and firing it upward to match numbers and clear space. Line up combos at the bottom and unleash massive clears that wipe out rows in one satisfying blast. Support NEStalgia directly by becoming a member of our Patreon at https://www.patreon.com/Nestalgia  Members at the $5 and above level get access to our brand new show NEStalgia Bytes. A look at the famicom games you can play without any Japanese knowledge! For More NEStalgia, visit www.NEStalgiacast.com"
episode,395,Muppet Adventure: Chaos at the Carnival,2025-09-19,4211,https://anchor.fm/s/5808ab8/podcast/play/107839518/https%3A%2F%2Fd3ctxlq1ktw2nl.cloudfront.net%2Fstaging%2F2025-8-4%2F97906750-614f-b009-e1e8-985e983fe797.mp3,https://podcasters.spotify.com/pod/show/nestalgia/episodes/395---Muppet-Adventure-Chaos-at-the-Carnival-e37pgiu,assets/episode-art/395-muppet-adventure-chaos-at-the-carnival.jpg,episodes/395-muppet-adventure-chaos-at-the-carnival.md,,"Miss Piggy has been ""pignapped"" by the sinister Dr. Grump; her Muppet friends come to the rescue. Kermit, Gonzo, Fozzie and Animal dash into Grump's mysterious fun fair in search for their pink companion. They must brave five rides in succession in order to take on the Grumpasaurus in the final carnival confrontation.Support NEStalgia directly by becoming a member of our Patreon at https://www.patreon.com/Nestalgia  Members at the $5 and above level get access to our brand new show NEStalgia Bytes. A look at the famicom games you can play without any Japanese knowledge! For More NEStalgia, visit www.NEStalgiacast.com"
episode,394,Mega Man 3,2025-09-12,5595,https://anchor.fm/s/5808ab8/podcast/play/107657175/https%3A%2F%2Fd3ctxlq1ktw2nl.cloudfront.net%2Fstaging%2F2025-8-1%2F48fa9eee-9296-7480-c59d-2a25fe29ed6d.mp3,https://podcasters.spotify.com/pod/show/nestalgia/episodes/394---Mega-Man-3-e37jugn,assets/episode-art/394-mega-man-3.jpg,episodes/394-mega-man-3.md,,"Mega Man 3 is a traditional side-scrolling platformer: you jump from brick to brick while avoiding pits and shooting robots. It's quite similar, in all respects, to other Mega Man games; however, this is the first time that you get a sidekick. It's also the first time you're allowed to slide instead of merely walking. Support NEStalgia directly by becoming a member of our Patreon at https://www.patreon.com/Nestalgia  Members at the $5 and above level get access to our brand new show NEStalgia Bytes. A look at the famicom games you can play without any Japanese knowledge! For More NEStalgia, visit www.NEStalgiacast.com"
episode,393,The Immortal,2025-09-05,3980,https://anchor.fm/s/5808ab8/podcast/play/107167310/https%3A%2F%2Fd3ctxlq1ktw2nl.cloudfront.net%2Fstaging%2F2025-7-21%2Fe177fc88-883b-67b4-17d6-083c1abdb92d.mp3,https://podcasters.spotify.com/pod/show/nestalgia/episodes/393---The-Immortal-e37504e,assets/episode-art/393-the-immortal.jpg,episodes/393-the-immortal.md,,"Your old mentor Mordamir has disappeared - probably kidnapped. You're not too sure where he might be, but a dungeon is always a good place to look, so you seek out the nearest one and plunge into its depths. Beware: eight levels of traps and deadly enemies await. Support NEStalgia directly by becoming a member of our Patreon at https://www.patreon.com/Nestalgia  Members at the $5 and above level get access to our brand new show NEStalgia Bytes. A look at the famicom games you can play without any Japanese knowledge! For More NEStalgia, visit www.NEStalgiacast.com"
episode,392,Formula One: Built to Win,2025-08-29,2818,https://anchor.fm/s/5808ab8/podcast/play/106913417/https%3A%2F%2Fd3ctxlq1ktw2nl.cloudfront.net%2Fstaging%2F2025-7-15%2F6567feeb-65f8-f8fd-e882-3ba8e5903fab.mp3,https://podcasters.spotify.com/pod/show/nestalgia/episodes/392---Formula-One-Built-to-Win-e36t869,assets/episode-art/392-formula-one-built-to-win.jpg,episodes/392-formula-one-built-to-win.md,,"Formula One: Born To Win is a career racing game. The player begins with a Mini Cooper and claws up the ranks of the racing circuit starting with the lowest ranked races in the eastern part of the United States. By winning races, the player can upgrade parts on the Mini and have a better shot at more races. Support NEStalgia directly by becoming a member of our Patreon at https://www.patreon.com/Nestalgia  Members at the $5 and above level get access to our brand new show NEStalgia Bytes. A look at the famicom games you can play without any Japanese knowledge! For More NEStalgia, visit www.NEStalgiacast.com"
episode,391,Conquest of the Crystal Palace,2025-08-22,2323,https://anchor.fm/s/5808ab8/podcast/play/106913338/https%3A%2F%2Fd3ctxlq1ktw2nl.cloudfront.net%2Fstaging%2F2025-7-15%2Fd7c8cd5d-dd62-42f8-a212-a5ff663891b7.mp3,https://podcasters.spotify.com/pod/show/nestalgia/episodes/391---Conquest-of-the-Crystal-Palace-e36t83q,assets/episode-art/391-conquest-of-the-crystal-palace.jpg,episodes/391-conquest-of-the-crystal-palace.md,,"Long ago the Crystal Palace was a thriving kingdom, however the evil war spirit Zaras appeared one day and brought destruction to the lands! Support NEStalgia directly by becoming a member of our Patreon at https://www.patreon.com/Nestalgia  Members at the $5 and above level get access to our brand new show NEStalgia Bytes. A look at the famicom games you can play without any Japanese knowledge! For More NEStalgia, visit www.NEStalgiacast.com"
episode,390,Arch Rivals,2025-08-15,2667,https://anchor.fm/s/5808ab8/podcast/play/106571071/https%3A%2F%2Fd3ctxlq1ktw2nl.cloudfront.net%2Fstaging%2F2025-7-7%2F8dc1fe46-eb67-756c-8705-7185bebee4d4.mp3,https://podcasters.spotify.com/pod/show/nestalgia/episodes/390---Arch-Rivals-e36iprv,assets/episode-art/390-arch-rivals.jpg,episodes/390-arch-rivals.md,,"Arch Rivals is a 2-on-2 basketball game that stands out from the crowd for its ""no rules"" approach. Fouling out other players is more than accepted, it's encouraged. Choose from twelve different teams and eight players, each with their own traits and personalities."
episode,389,Dr. Mario,2025-08-08,2150,https://traffic.megaphone.fm/APO5042128581.mp3,https://podcasters.spotify.com/pod/show/nestalgia/episodes/389---Dr--Mario-e34oto0,assets/episode-art/389-dr-mario.jpg,episodes/389-dr-mario.md,,"In this Tetris-style game, you play as Dr. Mario, who must drop differently coloured pills onto viruses to remove them from the bottle. Each pill is split into two, with each side being of one of three different colours, red, blue or yellow. Align three pills of the same colour to a virus of the corresponding colour (or any combination of pills and viruses totaling four or more) and it will be removed from the bottle, along with the aligned pills. The level is cleared when there are no viruses left, and the game is over when the pills reach the top and Dr. Mario can't drop any more pills.  Support NEStalgia directly by becoming a member of our Patreon at https://www.patreon.com/Nestalgia  Members at the $5 and above level get access to our brand new show NEStalgia Bytes. A look at the famicom games you can play without any Japanese knowledge! For More NEStalgia, visit www.NEStalgiacast.com"
episode,388,Super Glove Ball,2025-08-01,2815,https://anchor.fm/s/5808ab8/podcast/play/104421702/https%3A%2F%2Fd3ctxlq1ktw2nl.cloudfront.net%2Fstaging%2F2025-5-20%2F63929c08-8f93-78a7-6de2-8288d1d1bbc3.mp3,https://podcasters.spotify.com/pod/show/nestalgia/episodes/388---Super-Glove-Ball-e34h6s6,assets/episode-art/388-super-glove-ball.jpg,episodes/388-super-glove-ball.md,,"A 3D style game inspired by ball-and-paddle games, such as Breakout. Super Glove Ball was designed exclusively for Mattel's Power Glove accessory (although it can still be played with a normal controller).  Support NEStalgia directly by becoming a member of our Patreon at https://www.patreon.com/Nestalgia  Members at the $5 and above level get access to our brand new show NEStalgia Bytes. A look at the famicom games you can play without any Japanese knowledge! For More NEStalgia, visit www.NEStalgiacast.com"
episode,387,Sesame Street Big Bird's Hide & Speak,2025-07-25,1954,https://anchor.fm/s/5808ab8/podcast/play/104443700/https%3A%2F%2Fd3ctxlq1ktw2nl.cloudfront.net%2Fstaging%2F2025-5-21%2F4c766a97-d9e3-4278-df99-b2ad04d18518.mp3,https://podcasters.spotify.com/pod/show/nestalgia/episodes/387---Sesame-Street-Big-Birds-Hide--Speak-e34hsbk,assets/episode-art/387-sesame-street-big-birds-hide-speak.jpg,episodes/387-sesame-street-big-birds-hide-speak.md,,"Big Bird's Hide and Speak is an edutainment title for based on the Sesame Street license. It is designed to teach early recognition, memorization and reading skills to young children. It is one of the few NES games to use digitized speech thanks to a special chip included in the cartridge.  Support NEStalgia directly by becoming a member of our Patreon at https://www.patreon.com/Nestalgia  Members at the $5 and above level get access to our brand new show NEStalgia Bytes. A look at the famicom games you can play without any Japanese knowledge! For More NEStalgia, visit www.NEStalgiacast.com"
episode,386,Orb-3D,2025-07-18,1435,https://anchor.fm/s/5808ab8/podcast/play/103792028/https%3A%2F%2Fd3ctxlq1ktw2nl.cloudfront.net%2Fstaging%2F2025-5-7%2Fdedc819f-6e89-770e-f32a-420b68c31111.mp3,https://podcasters.spotify.com/pod/show/nestalgia/episodes/386---Orb-3D-e33tvus,assets/episode-art/386-orb-3d.jpg,episodes/386-orb-3d.md,,"The evil space wizard Krohn has mastered the power to control a black hole, and plans on using this power to control the universe. You are an explorer on assignment in a remote corner of the universe. You have just been reassigned to fight Krohn since your ship, the Millennium Orb, is the only space craft cabable of withstanding Krohn's black hole. To defeat Krohn, you must get past 30 different chambers blocking the path.  Support NEStalgia directly by becoming a member of our Patreon at https://www.patreon.com/Nestalgia  Members at the $5 and above level get access to our brand new show NEStalgia Bytes. A look at the famicom games you can play without any Japanese knowledge! For More NEStalgia, visit www.NEStalgiacast.com"
episode,385,A Nightmare on Elm Street,2025-07-11,2363,https://anchor.fm/s/5808ab8/podcast/play/103791959/https%3A%2F%2Fd3ctxlq1ktw2nl.cloudfront.net%2Fstaging%2F2025-5-7%2F6fd2e677-d269-b0de-4ce8-b5288dcba102.mp3,https://podcasters.spotify.com/pod/show/nestalgia/episodes/385---A-Nightmare-on-Elm-Street-e33tvsn,assets/episode-art/385-a-nightmare-on-elm-street.jpg,episodes/385-a-nightmare-on-elm-street.md,,"Nightmare has two worlds. In the red-tinted ""real world,"" players fight snakes and spiders while navigating standard platform challenges. The players here have a ""sleep meter"" that depletes with every hit taken. If the player's sleep meter drops to empty, the game transitions into the blue-tinted ""dream world,"" where enemies take on the appearance of skeletons and ghosts. An invisible timer also starts, counting down until Freddy appears and forces the player into a brief boss battle. The sleep meter becomes a standard life gauge in the dream world, and deducts a life from the player if drained.  Support NEStalgia directly by becoming a member of our Patreon at https://www.patreon.com/Nestalgia  Members at the $5 and above level get access to our brand new show NEStalgia Bytes. A look at the famicom games you can play without any Japanese knowledge! For More NEStalgia, visit www.NEStalgiacast.com"
episode,384,Mendel Palace,2025-07-04,2753,https://anchor.fm/s/5808ab8/podcast/play/103377498/https%3A%2F%2Fd3ctxlq1ktw2nl.cloudfront.net%2Fstaging%2F2025-4-29%2F8de77044-2137-f831-78f8-65d3f199f86f.mp3,https://podcasters.spotify.com/pod/show/nestalgia/episodes/384---Mendel-Palace-e33hb4q,assets/episode-art/384-mendel-palace.jpg,episodes/384-mendel-palace.md,,"In Mendel Palace, you are Bon-Bon and you have to rescue your girlfriend Candy, who has fallen asleep and is now trapped in her dream. To progress, you have to go through various areas that feature dolls as enemies. Games are played on a board of 7x5 sliding tiles, using an overhead view. By sliding floor tiles, you'll be able to put them off balance and make them crash in the wall, leading to their destruction.  Support NEStalgia directly by becoming a member of our Patreon at https://www.patreon.com/Nestalgia  Members at the $5 and above level get access to our brand new show NEStalgia Bytes. A look at the famicom games you can play without any Japanese knowledge! For More NEStalgia, visit www.NEStalgiacast.com"
episode,383,Loopz,2025-06-27,2193,https://anchor.fm/s/5808ab8/podcast/play/103377419/https%3A%2F%2Fd3ctxlq1ktw2nl.cloudfront.net%2Fstaging%2F2025-4-29%2F66a4edbe-2a39-9fa9-011e-f3aaefe4c9ed.mp3,https://podcasters.spotify.com/pod/show/nestalgia/episodes/383---Loopz-e33hb2b,assets/episode-art/383-loopz.jpg,episodes/383-loopz.md,,"A puzzle game where the main goal is to make loops! Random pieces are presented over a board, including simple lines and corners as well as S bends and other warped shapes, of varying sizes. It is up to the player to link them up in a loop form, then moving on to the next level. Pieces can be placed on any empty space on the grid, and rotated into one of the four main compass directions.  Support NEStalgia directly by becoming a member of our Patreon at https://www.patreon.com/Nestalgia  Members at the $5 and above level get access to our brand new show NEStalgia Bytes. A look at the famicom games you can play without any Japanese knowledge! For More NEStalgia, visit www.NEStalgiacast.com"
episode,382,Gremlins 2: The New Batch,2025-06-20,2385,https://anchor.fm/s/5808ab8/podcast/play/103113335/https%3A%2F%2Fd3ctxlq1ktw2nl.cloudfront.net%2Fstaging%2F2025-4-23%2F6046bea5-fdbd-1a7e-2764-4f1c78bc1852.mp3,https://podcasters.spotify.com/pod/show/nestalgia/episodes/382---Gremlins-2-The-New-Batch-e33995n,assets/episode-art/382-gremlins-2-the-new-batch.jpg,episodes/382-gremlins-2-the-new-batch.md,,"As Gizmo, you must reach the Gremlin Control Centre to wipe them out. This is an isometric action game differing from the Elite title. You can gain items such as a bow and arrow and matches after each level to help. Mr Wing's Shop also contains many goodies, so watch out for its door magically appearing. Hazards include spiders, electrified wires, ground-mounted hazards, and a boss at the end of each level.  Support NEStalgia directly by becoming a member of our Patreon at https://www.patreon.com/Nestalgia  Members at the $5 and above level get access to our brand new show NEStalgia Bytes. A look at the famicom games you can play without any Japanese knowledge! For More NEStalgia, visit www.NEStalgiacast.com"
episode,381,Days of Thunder,2025-06-13,2581,https://anchor.fm/s/5808ab8/podcast/play/103113283/https%3A%2F%2Fd3ctxlq1ktw2nl.cloudfront.net%2Fstaging%2F2025-4-23%2Faf5668a3-e537-63aa-5bfd-efa5d364685a.mp3,https://podcasters.spotify.com/pod/show/nestalgia/episodes/381---Days-of-Thunder-e339943,assets/episode-art/381-days-of-thunder.jpg,episodes/381-days-of-thunder.md,,"You play Cruise's Cole Trickle character (his name, like many of the others, is slightly different to that of a real NASCAR racer of the day) against your rivals on 8 tracks, based on real-life counterparts. The races are all on ovals, although the exact lengths, corner types and gradients are varied. This means that the ideal racing line on one track can put you into the wall on another. Qualifying is incorporated alongside the races themselves.  Support NEStalgia directly by becoming a member of our Patreon at https://www.patreon.com/Nestalgia  Members at the $5 and above level get access to our brand new show NEStalgia Bytes. A look at the famicom games you can play without any Japanese knowledge! For More NEStalgia, visit www.NEStalgiacast.com"
episode,380,Caveman Games,2025-06-06,2557,https://anchor.fm/s/5808ab8/podcast/play/103113238/https%3A%2F%2Fd3ctxlq1ktw2nl.cloudfront.net%2Fstaging%2F2025-5-6%2Fdd8f2ff3-b1ba-03a5-c816-b3f106b05250.mp3,https://podcasters.spotify.com/pod/show/nestalgia/episodes/380---Caveman-Games-e33992m,assets/episode-art/380-caveman-games.jpg,episodes/380-caveman-games.md,,"Olympic Games set in the stone age. Events include clubbing, dino-racing, fire-making, mate-tossing, saber racing and the dino vault.  Support NEStalgia directly by becoming a member of our Patreon at https://www.patreon.com/Nestalgia  Members at the $5 and above level get access to our brand new show NEStalgia Bytes. A look at the famicom games you can play without any Japanese knowledge! For More NEStalgia, visit www.NEStalgiacast.com"
episode,379,Ultimate Basketball,2025-05-30,1489,https://anchor.fm/s/5808ab8/podcast/play/103113164/https%3A%2F%2Fd3ctxlq1ktw2nl.cloudfront.net%2Fstaging%2F2025-4-23%2F5ade8e9a-b5fd-2a95-4227-cf14f431549b.mp3,https://podcasters.spotify.com/pod/show/nestalgia/episodes/379---Ultimate-Basketball-e33990c,assets/episode-art/379-ultimate-basketball.jpg,,,"In Ultimate Basketball, the player can choose one of seven fictional teams that each have different skills such as having tight defense or a phenomenal passing game. Each team also has their own players who are given ratings on their quickness, shooting and defensive ability.  Support NEStalgia directly by becoming a member of our Patreon at https://www.patreon.com/Nestalgia  Members at the $5 and above level get access to our brand new show NEStalgia Bytes. A look at the famicom games you can play without any Japanese knowledge! For More NEStalgia, visit www.NEStalgiacast.com"
episode,378,Time Lord,2025-05-23,2048,https://anchor.fm/s/5808ab8/podcast/play/101439843/https%3A%2F%2Fd3ctxlq1ktw2nl.cloudfront.net%2Fstaging%2F2025-3-17%2Fdd749409-53b9-08c9-5eb6-211131b03497.mp3,https://podcasters.spotify.com/pod/show/nestalgia/episodes/378---Time-Lord-e31m6t3,assets/episode-art/378-time-lord.jpg,episodes/378-time-lord.md,,"In this game you play the role of a time lord who has to travel through time in order to stop time travelling aliens from changing the earths history. The Game play involves you fighting off aliens who are dressed like the people from the various time period that you are in.  Support NEStalgia directly by becoming a member of our Patreon at https://www.patreon.com/Nestalgia  Members at the $5 and above level get access to our brand new show NEStalgia Bytes. A look at the famicom games you can play without any Japanese knowledge! For More NEStalgia, visit www.NEStalgiacast.com"
episode,377,Thunderbirds,2025-05-16,1980,https://anchor.fm/s/5808ab8/podcast/play/101439814/https%3A%2F%2Fd3ctxlq1ktw2nl.cloudfront.net%2Fstaging%2F2025-3-17%2Fa84a0f78-3db6-8ba5-e09b-68547ddb5c85.mp3,https://podcasters.spotify.com/pod/show/nestalgia/episodes/377---Thunderbirds-e31m6s6,assets/episode-art/377-thunderbirds.jpg,episodes/377-thunderbirds.md,,"An evil alien named Hood wants the Thunderbirds to turn over all their vehicles to him within a 60 day time period or Hood will bombard the Earth with meteors. The Thunderbirds figure he needs the 60 days to prepare to come through with his threat so they decide to go looking for places which may contain his energy sources for his power.  Support NEStalgia directly by becoming a member of our Patreon at https://www.patreon.com/Nestalgia  Members at the $5 and above level get access to our brand new show NEStalgia Bytes. A look at the famicom games you can play without any Japanese knowledge! For More NEStalgia, visit www.NEStalgiacast.com"
episode,376,Street Fighter 2010: The Final Fight,2025-05-09,2271,https://traffic.megaphone.fm/APO8356780603.mp3,https://podcasters.spotify.com/pod/show/nestalgia/episodes/376---Street-Fighter-2010-The-Final-Fight-e31m6pg,assets/episode-art/376-street-fighter-2010-the-final-fight.jpg,episodes/376-street-fighter-2010-the-final-fight.md,,"The player is Ken, the hero of the Street Fighter series. It's been 25 years since he last participated in a fighting tournament. He has become a scientist and has developed a powerful medicine together with his friend Troy.  Support NEStalgia directly by becoming a member of our Patreon at https://www.patreon.com/Nestalgia  Members at the $5 and above level get access to our brand new show NEStalgia Bytes. A look at the famicom games you can play without any Japanese knowledge! For More NEStalgia, visit www.NEStalgiacast.com"
episode,375,Spot: The Video Game,2025-05-02,2346,https://anchor.fm/s/5808ab8/podcast/play/100918823/https%3A%2F%2Fd3ctxlq1ktw2nl.cloudfront.net%2Fstaging%2F2025-3-6%2Fb45c458a-33b2-876d-cfb6-6193249ea773.mp3,https://podcasters.spotify.com/pod/show/nestalgia/episodes/375---Spot-The-Video-Game-e316a37,assets/episode-art/375-spot-the-video-game.jpg,episodes/375-spot-the-video-game.md,,"A puzzle game loosely featuring licensing from the 7Up soft drink. The gameplay involves up to 4 players, which can be either human or computer, each taking on spots of a particular colour. Starting from opposite corners, they take it in turns to move, either by 'reproducing' one of their spots to form another one in an adjacent square, or by making a jump, losing the square you did have but taking one two spaces away.  Support NEStalgia directly by becoming a member of our Patreon at https://www.patreon.com/Nestalgia  Members at the $5 and above level get access to our brand new show NEStalgia Bytes. A look at the famicom games you can play without any Japanese knowledge! For More NEStalgia, visit www.NEStalgiacast.com"
episode,374,Solar Jetman: Hunt for the Golden Warpship,2025-04-25,2664,https://anchor.fm/s/5808ab8/podcast/play/100918759/https%3A%2F%2Fd3ctxlq1ktw2nl.cloudfront.net%2Fstaging%2F2025-3-6%2F62c8738e-6d9b-503f-3044-015ddc2b9327.mp3,https://podcasters.spotify.com/pod/show/nestalgia/episodes/374---Solar-Jetman-Hunt-for-the-Golden-Warpship-e316a17,assets/episode-art/374-solar-jetman-hunt-for-the-golden-warpship.jpg,episodes/374-solar-jetman-hunt-for-the-golden-warpship.md,,"The golden warpship was once the most powerful ship in the galactic fleet. But the ship was captured by aliens, and its parts scattered throughout twelve different worlds. On each world deadly aliens, booby traps, black holes, and extreme gravitational forces guard the parts. It is now up to Solar Jetman to land on each of the worlds and retrieve all the parts so the golden warpship may be reassembled.  Support NEStalgia directly by becoming a member of our Patreon at https://www.patreon.com/Nestalgia  Members at the $5 and above level get access to our brand new show NEStalgia Bytes. A look at the famicom games you can play without any Japanese knowledge! For More NEStalgia, visit www.NEStalgiacast.com"
episode,373,Skate or Die 2: The Search for Double Trouble,2025-04-18,2648,https://traffic.megaphone.fm/APO7222974124.mp3,https://podcasters.spotify.com/pod/show/nestalgia/episodes/373---Skate-or-Die-2-The-Search-for-Double-Trouble-e3169vs,assets/episode-art/373-skate-or-die-2-the-search-for-double-trouble.jpg,episodes/373-skate-or-die-2-the-search-for-double-trouble.md,,"In this sequel to Skate or Die, you have the option of just skateboarding on a ramp, or to go through an adventure. In the adventure, you are in a small community called Elmood.  Support NEStalgia directly by becoming a member of our Patreon at https://www.patreon.com/Nestalgia  Members at the $5 and above level get access to our brand new show NEStalgia Bytes. A look at the famicom games you can play without any Japanese knowledge! For More NEStalgia, visit www.NEStalgiacast.com"
episode,372,Rollergames,2025-04-11,2849,https://anchor.fm/s/5808ab8/podcast/play/100918480/https%3A%2F%2Fd3ctxlq1ktw2nl.cloudfront.net%2Fstaging%2F2025-3-6%2F397922384-44100-2-5efdb2d265b03.m4a,https://podcasters.spotify.com/pod/show/nestalgia/episodes/372---Rollergames-e3169og,assets/episode-art/372-rollergames.jpg,episodes/372-rollergames.md,,"This is a platform game in the same fashion as Turtles II, that is that it's a sidescroller were you can move up and down on the screen, but you go on rollerskates. This makes the game go much faster than its counterpart, which adds difficulty and also a sense of speed.  Support NEStalgia directly by becoming a member of our Patreon at https://www.patreon.com/Nestalgia  Members at the $5 and above level get access to our brand new show NEStalgia Bytes. A look at the famicom games you can play without any Japanese knowledge! For More NEStalgia, visit www.NEStalgiacast.com"
episode,371,Rally Bike,2025-04-04,2019,https://anchor.fm/s/5808ab8/podcast/play/99844694/https%3A%2F%2Fd3ctxlq1ktw2nl.cloudfront.net%2Fstaging%2F2025-2-14%2F2fe123d4-8942-e76e-9efd-ef4fbcc27e05.mp3,https://podcasters.spotify.com/pod/show/nestalgia/episodes/371---Rally-Bike-e305h4m,assets/episode-art/371-rally-bike.jpg,episodes/371-rally-bike.md,,"There's a cross-country motorcycle rally going from San Francisco to New York. In Rally Bike, the player has but one goal, to work their way up through the ranks of the racers and place high enough to qualify for the next race.  Support NEStalgia directly by becoming a member of our Patreon at https://www.patreon.com/Nestalgia Members at the $5 and above level get access to our brand new show NEStalgia Bytes. A look at the famicom games you can play without any Japanese knowledge! For More NEStalgia, visit www.NEStalgiacast.com"
other,,nestalgAI - Pipe Dream Recap,2025-04-01,865,https://anchor.fm/s/5808ab8/podcast/play/100682172/https%3A%2F%2Fd3ctxlq1ktw2nl.cloudfront.net%2Fstaging%2F2025-3-1%2F691cb0c0-52b2-752d-9169-af76665e76a4.mp3,https://podcasters.spotify.com/pod/show/nestalgia/episodes/nestalgAI---Pipe-Dream-Recap-e30v2vs,assets/episode-art/nestalgai-pipe-dream-recap.jpg,,,"Introducing our new artificial intelligence software ""nestalgAI."" This tool will be able to create episode recaps and reviews so that you no longer need to listen to the full episode to keep up with the world of NEStalgia. Gone are the days of Mike, Sean, and Joe stumbling their way through thoughts about games they never even played anyway. With nestalgAI you're even more informed about the NES in half the time!"
episode,370,Pipe Dream,2025-03-28,2186,https://anchor.fm/s/5808ab8/podcast/play/99844671/https%3A%2F%2Fd3ctxlq1ktw2nl.cloudfront.net%2Fstaging%2F2025-2-14%2Fcd72b54a-be67-46d1-1b7e-8282e341f2a8.mp3,https://podcasters.spotify.com/pod/show/nestalgia/episodes/370---Pipe-Dream-e305h3v,assets/episode-art/370-pipe-dream.jpg,episodes/370-pipe-dream.md,,"Each level of this abstract puzzler challenges the player to set up a network of pipes to allow an unspecified substance known as 'flooz' to flow through as many of those as possible.  Support NEStalgia directly by becoming a member of our Patreon at https://www.patreon.com/Nestalgia Members at the $5 and above level get access to our brand new show NEStalgia Bytes. A look at the famicom games you can play without any Japanese knowledge! For More NEStalgia, visit www.NEStalgiacast.com"
episode,341,Final Fantasy,2025-03-21,10256,https://traffic.megaphone.fm/APO8529416902.mp3,https://podcasters.spotify.com/pod/show/nestalgia/episodes/341---Final-Fantasy-e2o2bo1,assets/episode-art/341-final-fantasy.jpg,episodes/341-final-fantasy.md,,"The world is veiled in darkness. Winds don't blow, the seas are stormy, and the earth rots. All people can hope for is that the ancient prophecy will be finally fulfilled. ""When the world is veiled in darkness, four warriors will come..."" And indeed, they come - the four characters you have previously chosen. Their first quest is to free a princess from the evil knight Garland, and then the real journey begins.  Support NEStalgia directly by becoming a member of our Patreon at https://www.patreon.com/Nestalgia  Members at the $5 and above level get access to our brand new show NEStalgia Bytes. A look at the famicom games you can play without any Japanese knowledge! For More NEStalgia, visit www.NEStalgiacast.com"
episode,257,Double Dragon II,2025-03-21,3080,https://anchor.fm/s/5808ab8/podcast/play/63529147/https%3A%2F%2Fd3ctxlq1ktw2nl.cloudfront.net%2Fstaging%2F2025-2-21%2Fcb51915f-b034-b33e-6934-5b15d125359e.mp3,https://podcasters.spotify.com/pod/show/nestalgia/episodes/257---Double-Dragon-II-e1th8nr,assets/episode-art/257-double-dragon-ii.jpg,episodes/257-double-dragon-ii.md,,"Billy and Jimmy Lee, the Double Dragons, are back to avenge the loss of Marion. In their quest to defeat the evil Shadow Warriors, Billy and Jimmy must complete nine missions, facing deadly street gangs, ninjas and huge mutant fighters. The duo must traverse through construction sites, alleyways and underwater hideouts complete with secret elevator shafts, spiked ceilings and razor-sharp mechanical claws. Can Billy and Jimmy contend with the enemies placed before them and ultimately save the world?  Support NEStalgia directly by becoming a member of our Patreon at https://www.patreon.com/Nestalgia  Members at the $5 and above level get access to our brand new show NEStalgia Bytes. A look at the famicom games you can play without any Japanese knowledge! For More NEStalgia, visit www.NEStalgiacast.com"
episode,369,NES Play Action Football,2025-03-21,2102,https://anchor.fm/s/5808ab8/podcast/play/99844456/https%3A%2F%2Fd3ctxlq1ktw2nl.cloudfront.net%2Fstaging%2F2025-2-14%2Ff8692c6f-bae3-c41a-537b-4ea587820a7f.mp3,https://podcasters.spotify.com/pod/show/nestalgia/episodes/369---NES-Play-Action-Football-e305gt8,assets/episode-art/369-nes-play-action-football.jpg,episodes/369-nes-play-action-football.md,,"Nintendo takes its game to the gridiron with NES Play Action Football. While Nintendo did not get the NFL license for this one, it did secure the license of the NFL Player's Association, so the 8 teams to choose from (all named after the appropriate NFL cities) are all stocked up with real pro players from the 1989 season.  Support NEStalgia directly by becoming a member of our Patreon at https://www.patreon.com/Nestalgia Members at the $5 and above level get access to our brand new show NEStalgia Bytes. A look at the famicom games you can play without any Japanese knowledge! For More NEStalgia, visit www.NEStalgiacast.com"
episode,368,Mission: Impossible,2025-03-14,3044,https://anchor.fm/s/5808ab8/podcast/play/98460301/https%3A%2F%2Fd3ctxlq1ktw2nl.cloudfront.net%2Fstaging%2F2025-1-13%2Fc466c8ad-6a4d-16b4-41e3-3c1de1e7aff0.mp3,https://podcasters.spotify.com/pod/show/nestalgia/episodes/368---Mission-Impossible-e2ur96d,assets/episode-art/368-mission-impossible.jpg,episodes/368-mission-impossible.md,,"Your mission, if you choose to accept it, is to rescue Dr. O and Shannon from the grubby clutches of the Sinister Seven as quickly as possible. As you fight your way through each area, you must obtain information and vital ID cards. Your progress is blocked at every turn by acid flames, raw sewage, scorching steam, high voltage electricity and poison gas.  Support NEStalgia directly by becoming a member of our Patreon at https://www.patreon.com/Nestalgia Members at the $5 and above level get access to our brand new show NEStalgia Bytes. A look at the famicom games you can play without any Japanese knowledge! For More NEStalgia, visit www.NEStalgiacast.com"
episode,367,Maniac Mansion,2025-03-07,4191,https://anchor.fm/s/5808ab8/podcast/play/98291492/https%3A%2F%2Fd3ctxlq1ktw2nl.cloudfront.net%2Fstaging%2F2025-1-10%2F65363702-1a2d-7386-cac0-002a6006a0d6.mp3,https://podcasters.spotify.com/pod/show/nestalgia/episodes/367---Maniac-Mansion-e2um4b4,assets/episode-art/367-maniac-mansion.jpg,episodes/367-maniac-mansion.md,,"The Edison mansion has always been a creepy old house on the edge of town. There have been rumors of strange experiments going on and of odd creatures living amongst the Edison family. There is even a story that a meteorite once crashed near the home nearly 20 years ago. More immediately, a girl named Sandy has gone missing from the local highschool and her boyfriend Dave swears that he saw Dr. Fred abducting her. Dave knows that he cannot do it alone and will need help from two other students if he has any hope of infiltrating the mansion and rescuing Sandy.  Support NEStalgia directly by becoming a member of our Patreon at https://www.patreon.com/Nestalgia Members at the $5 and above level get access to our brand new show NEStalgia Bytes. A look at the famicom games you can play without any Japanese knowledge! For More NEStalgia, visit www.NEStalgiacast.com"
episode,366,M.U.L.E,2025-02-28,2956,https://anchor.fm/s/5808ab8/podcast/play/98243663/https%3A%2F%2Fd3ctxlq1ktw2nl.cloudfront.net%2Fstaging%2F2025-1-9%2F394558849-44100-2-01450f879e82a.m4a,https://podcasters.spotify.com/pod/show/nestalgia/episodes/366---M-U-L-E-e2uklkf,assets/episode-art/366-m-u-l-e.jpg,episodes/366-m-u-l-e.md,,"M.U.L.E. is about four hopeful explorers trying to make a fortune on a virgin planet. This is done by producing various goods (Food, Energy, Smithore, Crystite). Each of these goods have their uses: if you don't have enough food, you will have less time during your turn. If you don't have enough energy, your output will be lower. If enough smithore isn't produced, there will be a shortage of M.U.L.E.s. Crystite is the big earner that can make or break your game.  Support NEStalgia directly by becoming a member of our Patreon at https://www.patreon.com/Nestalgia Members at the $5 and above level get access to our brand new show NEStalgia Bytes. A look at the famicom games you can play without any Japanese knowledge! For More NEStalgia, visit www.NEStalgiacast.com"
episode,365,Low G Man,2025-02-21,2241,https://anchor.fm/s/5808ab8/podcast/play/98243593/https%3A%2F%2Fd3ctxlq1ktw2nl.cloudfront.net%2Fstaging%2F2025-1-9%2Fef56f67b-e6dc-cc12-4516-d0fec3aea614.mp3,https://podcasters.spotify.com/pod/show/nestalgia/episodes/365---Low-G-Man-e2ukli9,assets/episode-art/365-low-g-man.jpg,episodes/365-low-g-man.md,,"The year is 2284, and the human race has perfected space travel and is colonizing the galaxy. To help out, robots of all types are used in exploring new planets. There are even entire planets dedicated to manufacturing new robots. But then an alien race captured one of the robot manufacturing planets and reprogrammed the robots to destroy humans! Now it's up to you to go in and take back the planet. Using a low gravity backpack, you have the ability to jump higher than normally possible. You also have a wide variety of weapons to help battle the robots guarding the planet, and additional weapons can be found by destroying certain robots. Some robots will be riding in vehicles. If you destroy the driver, you can capture the vehicle to help you out on your mission.  Support NEStalgia directly by becoming a member of our Patreon at https://www.patreon.com/Nestalgia Members at the $5 and above level get access to our brand new show NEStalgia Bytes. A look at the famicom games you can play without any Japanese knowledge! For More NEStalgia, visit www.NEStalgiacast.com"
episode,364,Little Nemo: The Dream Master,2025-02-14,3180,https://anchor.fm/s/5808ab8/podcast/play/97589687/https%3A%2F%2Fd3ctxlq1ktw2nl.cloudfront.net%2Fstaging%2F2025-1-14%2Fc1fb90a6-c79c-f583-2be5-db4d8445922d.mp3,https://podcasters.spotify.com/pod/show/nestalgia/episodes/364---Little-Nemo-The-Dream-Master-e2u0mvn,assets/episode-art/364-little-nemo-the-dream-master.jpg,episodes/364-little-nemo-the-dream-master.md,,"Based on a comic strip from the 1900s, Nemo is a young boy from London summoned to the kingdom of Slumberland, a fantasy realm filled with strange creatures and dream-like locations. You soon learn that the King of Slumberland has been kidnapped by the Prince of Nightmares, and you are requested to save him by Princess Camille. Using your only weapon, a sack of candy, you stun enemies and lull friendly animals into helping you through levels like the Mushroom Forest and Train Land. This platformer featured licensed characters and artwork from the comic, along with using the animals, such as apes and moles, to traverse through the different terrain.  Support NEStalgia directly by becoming a member of our Patreon at https://www.patreon.com/Nestalgia Members at the $5 and above level get access to our brand new show NEStalgia Bytes. A look at the famicom games you can play without any Japanese knowledge! For More NEStalgia, visit www.NEStalgiacast.com"
episode,363,Kickle Cubicle,2025-02-07,2225,https://anchor.fm/s/5808ab8/podcast/play/97589624/https%3A%2F%2Fd3ctxlq1ktw2nl.cloudfront.net%2Fstaging%2F2025-0-26%2Fbec59676-14c3-dedc-c547-dde7ea8aef75.mp3,https://podcasters.spotify.com/pod/show/nestalgia/episodes/363---Kickle-Cubicle-e2u0mto,assets/episode-art/363-kickle-cubicle.jpg,episodes/363-kickle-cubicle.md,,"Kickle Cubicle is a sliding puzzle game in the vein of Adventures of Lolo where the Wicked Wizard King covered the kingdom with ice and hid the people and palaces deep within the ice.  Support NEStalgia directly by becoming a member of our Patreon at https://www.patreon.com/Nestalgia Members at the $5 and above level get access to our brand new show NEStalgia Bytes. A look at the famicom games you can play without any Japanese knowledge! For More NEStalgia, visit www.NEStalgiacast.com"
episode,362,Journey to Silius,2025-01-31,2288,https://anchor.fm/s/5808ab8/podcast/play/97320099/https%3A%2F%2Fd3ctxlq1ktw2nl.cloudfront.net%2Fstaging%2F2025-0-20%2Ff921dbb5-9adb-5450-499e-4c0faee19248.mp3,https://podcasters.spotify.com/pod/show/nestalgia/episodes/362---Journey-to-Silius-e2tofn3,assets/episode-art/362-journey-to-silius.jpg,episodes/362-journey-to-silius.md,,"Journey To Silius is a side scrolling platform game. On each level there are a wide variety of robot enemies guarding the terrorist's fortress, along with several weapons to find, which makes the mission easier. There are a total of six stages, each ending with a very large boss.  Support NEStalgia directly by becoming a member of our Patreon at https://www.patreon.com/Nestalgia Members at the $5 and above level get access to our brand new show NEStalgia Bytes. A look at the famicom games you can play without any Japanese knowledge! For More NEStalgia, visit www.NEStalgiacast.com"
episode,361,Gauntlet II,2025-01-24,2695,https://anchor.fm/s/5808ab8/podcast/play/96882396/https%3A%2F%2Fd3ctxlq1ktw2nl.cloudfront.net%2Fstaging%2F2025-0-10%2F079b8666-ff02-1027-a1ae-6dbf805b9e70.mp3,https://podcasters.spotify.com/pod/show/nestalgia/episodes/361---Gauntlet-II-e2tb48s,assets/episode-art/361-gauntlet-ii.jpg,episodes/361-gauntlet-ii.md,,"Gauntlet II is very similar to its predecessor. Up to four players (a wizard, a warrior, an elf, and a valkyrie) make their way through various mazes, collect treasures and magic potions, and fend off assorted creatures and ghosts.  Support NEStalgia directly by becoming a member of our Patreon at https://www.patreon.com/Nestalgia Members at the $5 and above level get access to our brand new show NEStalgia Bytes. A look at the famicom games you can play without any Japanese knowledge! For More NEStalgia, visit www.NEStalgiacast.com"
episode,360,Dragon Warrior II,2025-01-17,4347,https://anchor.fm/s/5808ab8/podcast/play/96632901/https%3A%2F%2Fd3ctxlq1ktw2nl.cloudfront.net%2Fstaging%2F2025-0-5%2F61e591b0-7f64-86c7-fac6-6eda038ca8ec.mp3,https://podcasters.spotify.com/pod/show/nestalgia/episodes/360---Dragon-Warrior-II-e2t3gk5,assets/episode-art/360-dragon-warrior-ii.jpg,episodes/360-dragon-warrior-ii.md,,"Dragon Warrior II is an early top-down RPG that expands and improves on its predecessor, Dragon Warrior. Taking the role of a descendant of Erdrick, the player once again ventures forth in an effort to save the world.  Support NEStalgia directly by becoming a member of our Patreon at https://www.patreon.com/Nestalgia  Members at the $5 and above level get access to our brand new show NEStalgia Bytes. A look at the famicom games you can play without any Japanese knowledge! For More NEStalgia, visit www.NEStalgiacast.com"
episode,359,Destiny of an Emperor,2025-01-10,2974,https://anchor.fm/s/5808ab8/podcast/play/96174129/https%3A%2F%2Fd3ctxlq1ktw2nl.cloudfront.net%2Fstaging%2F2024-11-23%2F51cbafc0-2cd0-3284-f417-e1bf2ddf58be.mp3,https://podcasters.spotify.com/pod/show/nestalgia/episodes/359---Destiny-of-an-Emperor-e2slgjh,assets/episode-art/359-destiny-of-an-emperor.jpg,episodes/359-destiny-of-an-emperor.md,,"Destiny of an Emperor is a strategy role-playing game set in the Three Kingdoms era. A party is formed by selecting up to five officers from a huge pool, many of whom would only join you after be bribed or defeated in combat.   Support NEStalgia directly by becoming a member of our Patreon at https://www.patreon.com/Nestalgia Members at the $5 and above level get access to our brand new show NEStalgia Bytes. A look at the famicom games you can play without any Japanese knowledge! For More NEStalgia, visit www.NEStalgiacast.com"
episode,358,Classic Concentration,2025-01-03,1836,https://anchor.fm/s/5808ab8/podcast/play/95866854/https%3A%2F%2Fd3ctxlq1ktw2nl.cloudfront.net%2Fstaging%2F2024-11-15%2F4c0b1cbd-2946-e0dd-a8ac-c6ccece34dfb.mp3,https://podcasters.spotify.com/pod/show/nestalgia/episodes/358---Classic-Concentration-e2sc4h6,assets/episode-art/358-classic-concentration.jpg,,,"Concentration was a popular game show in the mid-to-late 1980s, and this game was adapted from that television program.  Support NEStalgia directly by becoming a member of our Patreon at https://www.patreon.com/Nestalgia  Members at the $5 and above level get access to our brand new show NEStalgia Bytes. A look at the famicom games you can play without any Japanese knowledge! For More NEStalgia, visit www.NEStalgiacast.com"
episode,357,Castlevania III: Dracula's Curse,2024-12-27,5326,https://anchor.fm/s/5808ab8/podcast/play/95866424/https%3A%2F%2Fd3ctxlq1ktw2nl.cloudfront.net%2Fstaging%2F2024-11-27%2F69a8da50-488f-6ee6-e88b-0ad74af29f9a.mp3,https://podcasters.spotify.com/pod/show/nestalgia/episodes/357---Castlevania-III-Draculas-Curse-e2sc43o,assets/episode-art/357-castlevania-iii-draculas-curse.jpg,episodes/357-castlevania-iii-draculas-curse.md,,"Taking place 100 years before the events of Castlevania 1 and Castlevania 2, Dracula the Vampire has risen up to threaten the small village of Warakiya. Citizens who had banished the Belmont family now beg for Trevor Belmont's help in slaying Dracula. In his strange castle, Dracula has been assembling a massive army of undead creatures to sweep the Earth clean of life and bring everlasting darkness. Trevor agrees to help and equips his family's hereditary whip, the ""Vampire Slayer"", in order to destroy Dracula.  Support NEStalgia directly by becoming a member of our Patreon at https://www.patreon.com/Nestalgia  Members at the $5 and above level get access to our brand new show NEStalgia Bytes. A look at the famicom games you can play without any Japanese knowledge! For More NEStalgia, visit www.NEStalgiacast.com"
episode,356,The Bugs Bunny Birthday Blowout,2024-12-20,2460,https://anchor.fm/s/5808ab8/podcast/play/95500345/https%3A%2F%2Fd3ctxlq1ktw2nl.cloudfront.net%2Fstaging%2F2024-11-7%2Fdfb02c46-645e-9e42-089c-8981ddf84e1b.mp3,https://podcasters.spotify.com/pod/show/nestalgia/episodes/356---The-Bugs-Bunny-Birthday-Blowout-e2s0ujp,assets/episode-art/356-the-bugs-bunny-birthday-blowout.jpg,episodes/356-the-bugs-bunny-birthday-blowout.md,,"A Warner Bros licensed game, The Bugs Bunny Birthday Blowout is a 2d side-scrolling platform game. Bugs can jump over and on some enemies and try to collect as many carrots as possible. Bugs can use his hammer in order to smash enemies as well as to find some secrets.  Support NEStalgia directly by becoming a member of our Patreon at https://www.patreon.com/Nestalgia Members at the $5 and above level get access to our brand new show NEStalgia Bytes. A look at the famicom games you can play without any Japanese knowledge! For More NEStalgia, visit www.NEStalgiacast.com"
episode,355,Garry Kitchen's Battle Tank,2024-12-13,2613,https://anchor.fm/s/5808ab8/podcast/play/94708711/https%3A%2F%2Fd3ctxlq1ktw2nl.cloudfront.net%2Fstaging%2F2024-10-20%2F11d60080-1927-4ae8-9bcf-a38de26f7468.mp3,https://podcasters.spotify.com/pod/show/nestalgia/episodes/355---Garry-Kitchens-Battle-Tank-e2r8ph7,assets/episode-art/355-garry-kitchens-battle-tank.jpg,episodes/355-garry-kitchens-battle-tank.md,,"Battletank is an advanced tank simulator where players take control of a tank from its driver's seat. Players are stuck straight in the tank and sent off to the battlefield in order to accomplish the mission they are assigned to.  Support NEStalgia directly by becoming a member of our Patreon at https://www.patreon.com/Nestalgia Members at the $5 and above level get access to our brand new show NEStalgia Bytes. A look at the famicom games you can play without any Japanese knowledge! For More NEStalgia, visit www.NEStalgiacast.com"
episode,354,Back to the Future Part II & III,2024-12-06,3590,https://anchor.fm/s/5808ab8/podcast/play/94140507/https%3A%2F%2Fd3ctxlq1ktw2nl.cloudfront.net%2Fstaging%2F2024-11-6%2F4d5ed513-b6ed-cf46-391f-7562b4888eb0.mp3,https://podcasters.spotify.com/pod/show/nestalgia/episodes/354---Back-to-the-Future-Part-II--III-e2qnekr,assets/episode-art/354-back-to-the-future-part-ii-iii.jpg,episodes/354-back-to-the-future-part-ii-iii.md,,"Back to the Future Part II & III is a platform game based on the movies of the same name. The object of the game is to collect misplaced objects from various time periods like 1955, 1985 and 2015, and bring them back to their proper time period and location. The game often requires the player to solve a small puzzle to figure out what item fits the location he has found.  Support NEStalgia directly by becoming a member of our Patreon at https://www.patreon.com/Nestalgia Members at the $5 and above level get access to our brand new show NEStalgia Bytes. A look at the famicom games you can play without any Japanese knowledge! For More NEStalgia, visit www.NEStalgiacast.com"
episode,353,Total Recall,2024-11-29,2692,https://anchor.fm/s/5808ab8/podcast/play/93948453/https%3A%2F%2Fd3ctxlq1ktw2nl.cloudfront.net%2Fstaging%2F2024-10-4%2F389227316-44100-2-c5c925c1650dc.m4a,https://podcasters.spotify.com/pod/show/nestalgia/episodes/353---Total-Recall-e2qhj35,assets/episode-art/353-total-recall.jpg,episodes/353-total-recall.md,,"Players control Doug Quaid as he platform hops across Earth and Mars in search of his stolen memories and the responsible parties. A collection of police, soldiers, and creatures will try to stop him. Quaid's default attack is a strong punch, though guns can be knocked away from some guards and picked up for use. Cutscenes between certain levels tell the movie's plot, and feature likenesses of the actors from the film (including Arnold).  Support NEStalgia directly by becoming a member of our Patreon at https://www.patreon.com/Nestalgia  Members at the $5 and above level get access to our brand new show NEStalgia Bytes. A look at the famicom games you can play without any Japanese knowledge! For More NEStalgia, visit www.NEStalgiacast.com"
episode,352,Swords and Serpents,2024-11-22,3065,https://anchor.fm/s/5808ab8/podcast/play/93948080/https%3A%2F%2Fd3ctxlq1ktw2nl.cloudfront.net%2Fstaging%2F2024-10-4%2F186c74fc-246f-fadd-8eed-01bb7102b474.mp3,https://podcasters.spotify.com/pod/show/nestalgia/episodes/352---Swords-and-Serpents-e2qhing,assets/episode-art/352-swords-and-serpents.jpg,episodes/352-swords-and-serpents.md,,"Deep in the dungeons lay the fabled ruby treasures. Many brave souls have tried to recover them; all have failed. Little did they know how futile their quests would be -- they met a horrible fate at the hands of a horrible serpent king. Can your party of champions defeat the dragon and claim the ruby treasures? Or will you, too, be vanquished?  Support NEStalgia directly by becoming a member of our Patreon at https://www.patreon.com/Nestalgia  Members at the $5 and above level get access to our brand new show NEStalgia Bytes. A look at the famicom games you can play without any Japanese knowledge! For More NEStalgia, visit www.NEStalgiacast.com"
episode,351,Punch-Out!! Featuring Mr. Dream,2024-11-15,5384,https://anchor.fm/s/5808ab8/podcast/play/93259360/https%3A%2F%2Fd3ctxlq1ktw2nl.cloudfront.net%2Fstaging%2F2024-9-19%2Ff65fbc4b-f29a-2d0b-4f82-0999510e25ac.mp3,https://podcasters.spotify.com/pod/show/nestalgia/episodes/351---Punch-Out---Featuring-Mr--Dream-e2psi50,assets/episode-art/351-punch-out-featuring-mr-dream.jpg,,,"It's a right jab, a left hook, and uppercut - it's Punch-out!! Where you'll get the chance to compete against boxers from around the globe. FOR MORE NESTALGIA as well as show notes and links check out www.NEStalgiacast.com"
episode,350,NARC,2024-11-08,2307,https://anchor.fm/s/5808ab8/podcast/play/93260223/https%3A%2F%2Fd3ctxlq1ktw2nl.cloudfront.net%2Fstaging%2F2024-9-19%2F0463381d-11fc-7ed3-3b17-3b1494b9bcb0.mp3,https://podcasters.spotify.com/pod/show/nestalgia/episodes/350---NARC-e2psivv,assets/episode-art/350-narc.jpg,episodes/350-narc.md,,"Your mission is not going to be easy, as you will come face-to-face with enemies including the canine mutts, Das Lof Gang, Dr. Spike Rush, Joe Rockhead, Kinky Pinky, Sgt. Skyhigh, HQ Posse, and Mr. Big himself. You have two ways you can deal with them: either put a bullet in them or make arrests. Furthermore, they will try to blow you up the minute they see you. Fortunately, you're armed with a shotgun and missile launcher.  Support NEStalgia directly by becoming a member of our Patreon at https://www.patreon.com/Nestalgia Members at the $5 and above level get access to our brand new show NEStalgia Bytes. A look at the famicom games you can play without any Japanese knowledge! For More NEStalgia, visit www.NEStalgiacast.com"
episode,349,Dick Tracy,2024-11-01,2296,https://anchor.fm/s/5808ab8/podcast/play/93259681/https%3A%2F%2Fd3ctxlq1ktw2nl.cloudfront.net%2Fstaging%2F2024-9-19%2F831511f5-175e-ee5b-db9b-9c394c6fdf8c.mp3,https://podcasters.spotify.com/pod/show/nestalgia/episodes/349---Dick-Tracy-e2psif1,assets/episode-art/349-dick-tracy.jpg,episodes/349-dick-tracy.md,,"You play as square-jawed detective Dick Tracy as he tries to solve five different crimes that vary in difficulty. This game is mostly a platform game with some overhead driving to get to the different buildings in search of clues.  Support NEStalgia directly by becoming a member of our Patreon at https://www.patreon.com/Nestalgia Members at the $5 and above level get access to our brand new show NEStalgia Bytes. A look at the famicom games you can play without any Japanese knowledge! For More NEStalgia, visit www.NEStalgiacast.com"
episode,348,Bigfoot,2024-10-25,2373,https://anchor.fm/s/5808ab8/podcast/play/92801940/https%3A%2F%2Fd3ctxlq1ktw2nl.cloudfront.net%2Fstaging%2F2024-9-9%2F751d8546-fa9d-1ef7-aa70-6963fb040492.mp3,https://podcasters.spotify.com/pod/show/nestalgia/episodes/348---Bigfoot-e2pejek,assets/episode-art/348-bigfoot.jpg,episodes/348-bigfoot.md,,"At every stop, you first drive a qualification round against your opponent, which is in top-down perspective. Here, you can collect money and several power-ups to use to win against your opponent. After this qualification, you go into a side perspective head to head race, where you have to push left and right continuously. In this view there are all sorts of events, including Car Crush, Mud Race and Drag Race.  Support NEStalgia directly by becoming a member of our Patreon at https://www.patreon.com/Nestalgia Members at the $5 and above level get access to our brand new show NEStalgia Bytes. A look at the famicom games you can play without any Japanese knowledge! For More NEStalgia, visit www.NEStalgiacast.com"
episode,347,Barker Bill's Trick Shooting,2024-10-18,2170,https://anchor.fm/s/5808ab8/podcast/play/92801448/https%3A%2F%2Fd3ctxlq1ktw2nl.cloudfront.net%2Fstaging%2F2024-9-9%2F7fcdea9d-7d77-598b-6859-ed77e8b988cb.mp3,https://podcasters.spotify.com/pod/show/nestalgia/episodes/347---Barker-Bills-Trick-Shooting-e2peiv8,assets/episode-art/347-barker-bills-trick-shooting.jpg,episodes/347-barker-bills-trick-shooting.md,,"Pull out the Zapper Light Gun, and blast a variety of objects in Barker Bill's Trick Shooting. The game starts out simple enough; shoot rising balloons while avoiding the happy-go-lucky dog. As you get through each stage, the challenges become more difficult.  Support NEStalgia directly by becoming a member of our Patreon at https://www.patreon.com/Nestalgia Members at the $5 and above level get access to our brand new show NEStalgia Bytes. A look at the famicom games you can play without any Japanese knowledge! For More NEStalgia, visit www.NEStalgiacast.com"
episode,346,Wizardry: Proving Grounds of the Mad Overlord,2024-10-11,4852,https://anchor.fm/s/5808ab8/podcast/play/92799736/https%3A%2F%2Fd3ctxlq1ktw2nl.cloudfront.net%2Fstaging%2F2024-9-9%2Fba473736-43ab-66d1-5845-9b59e9885dd9.mp3,https://podcasters.spotify.com/pod/show/nestalgia/episodes/346---Wizardry-Proving-Grounds-of-the-Mad-Overlord-e2peh9o,assets/episode-art/346-wizardry-proving-grounds-of-the-mad-overlord.jpg,episodes/346-wizardry-proving-grounds-of-the-mad-overlord.md,,"The Mad Overlord Trebor was once only power-mad, but went off the deep end after he acquired a magical amulet of immense power, only to have it stolen from him by his nemesis, the evil archmage Werdna. Werdna, not quite sure how to use the amulet properly, accidentally causes an earthquake which creates a ten-level dungeon beneath Trebor's castle. To avoid looking silly, Werdna declares the dungeon to be the new lair for him and his monster hordes. Trebor, not to be outdone, declares the labyrinth his new Proving Grounds where adventurers must prove themselves for membership in his elite honor guard, and incidentally retrieve his amulet in the process.  Support NEStalgia directly by becoming a member of our Patreon at https://www.patreon.com/Nestalgia Members at the $5 and above level get access to our brand new show NEStalgia Bytes. A look at the famicom games you can play without any Japanese knowledge! For More NEStalgia, visit www.NEStalgiacast.com"
episode,345,Snake Rattle N Roll,2024-10-04,2257,https://anchor.fm/s/5808ab8/podcast/play/91587704/https%3A%2F%2Fd3ctxlq1ktw2nl.cloudfront.net%2Fstaging%2F2024-8-11%2Fed0b5f28-a308-e34d-b0a3-3734900476f0.mp3,https://podcasters.spotify.com/pod/show/nestalgia/episodes/345---Snake-Rattle-N-Roll-e2o9hlo,assets/episode-art/345-snake-rattle-n-roll.jpg,episodes/345-snake-rattle-n-roll.md,,"It's a race to the moon for the two snakes, Rattle and Roll! Play alone or simultaneously with a friend as you out-score and out-eat your opponent - then weigh yourself on the scales and make for the exit!  Support NEStalgia directly by becoming a member of our Patreon at https://www.patreon.com/Nestalgia Members at the $5 and above level get access to our brand new show NEStalgia Bytes. A look at the famicom games you can play without any Japanese knowledge! For More NEStalgia, visit www.NEStalgiacast.com"
episode,344,Pictionary,2024-09-27,2115,https://anchor.fm/s/5808ab8/podcast/play/91581464/https%3A%2F%2Fd3ctxlq1ktw2nl.cloudfront.net%2Fstaging%2F2024-8-11%2Ff1bd4c7f-29f7-591f-6fd9-4a4c6e95cfcf.mp3,https://podcasters.spotify.com/pod/show/nestalgia/episodes/344---Pictionary-e2o9bio,assets/episode-art/344-pictionary.jpg,episodes/344-pictionary.md,,"Based on the board game, the object is to guess either a word or phrase based on a drawing. Each team starts on the same square on the board and the first team attempts to draw a picture based on a clue. If his team correctly guesses the clue, then this team gets to roll the dice and advance along the board. If the team fails to guess correctly, then the other team gets a chance to draw and guess. The game plays much in this way until a team reaches the final square on the board and successfully guesses the clue to win the game.  Support NEStalgia directly by becoming a member of our Patreon at https://www.patreon.com/Nestalgia Members at the $5 and above level get access to our brand new show NEStalgia Bytes. A look at the famicom games you can play without any Japanese knowledge! For More NEStalgia, visit www.NEStalgiacast.com"
episode,343,Mad Max,2024-09-20,1908,https://anchor.fm/s/5808ab8/podcast/play/91581185/https%3A%2F%2Fd3ctxlq1ktw2nl.cloudfront.net%2Fstaging%2F2024-8-11%2F089acdb3-5324-b2ae-e985-9540f1326235.mp3,https://podcasters.spotify.com/pod/show/nestalgia/episodes/343---Mad-Max-e2o9ba1,assets/episode-art/343-mad-max.jpg,episodes/343-mad-max.md,,"You are Mad Max. You drive your Interceptor through the post-apocalyptic wastelands and fight bandits. The game introduction is the speech from the beginning of the movie Mad Max 2 (a.k.a The Road Warrior), telling you how the world ended and how The Road Warrior, lost everything by ""the roar of an engine"" and how he in the wastelands ""learned to live again"". The game is played in a top-down view where you move your car to attack enemy cars and pick up fuel tanks (if you run out of fuel the game is over).  Support NEStalgia directly by becoming a member of our Patreon at https://www.patreon.com/Nestalgia Members at the $5 and above level get access to our brand new show NEStalgia Bytes. A look at the famicom games you can play without any Japanese knowledge! For More NEStalgia, visit www.NEStalgiacast.com"
episode,342,Little League Baseball: Championship Series,2024-09-13,2315,https://anchor.fm/s/5808ab8/podcast/play/90587551/https%3A%2F%2Fd3ctxlq1ktw2nl.cloudfront.net%2Fstaging%2F2024-7-18%2F6a593e8e-7b74-7181-9100-510b257d7a6d.mp3,https://podcasters.spotify.com/pod/show/nestalgia/episodes/342---Little-League-Baseball-Championship-Series-e2nb0uv,assets/episode-art/342-little-league-baseball-championship-series.jpg,episodes/342-little-league-baseball-championship-series.md,,"You get your choice of 16 teams to play, eight domestic teams and eight foreign teams from Asia and Europe. In One-Player mode you play the computer in an international tournament. For Two Players, you each have a squad in the tourney. All games are seven innings long.  Support NEStalgia directly by becoming a member of our Patreon at https://www.patreon.com/Nestalgia Members at the $5 and above level get access to our brand new show NEStalgia Bytes. A look at the famicom games you can play without any Japanese knowledge! For More NEStalgia, visit www.NEStalgiacast.com"
episode,340,Dusty Diamond's All-Star Softball,2024-08-30,1917,https://anchor.fm/s/5808ab8/podcast/play/90587527/https%3A%2F%2Fd3ctxlq1ktw2nl.cloudfront.net%2Fstaging%2F2024-7-18%2F36e66c8a-abf0-9b9f-a203-3115bdf371e7.mp3,https://podcasters.spotify.com/pod/show/nestalgia/episodes/340---Dusty-Diamonds-All-Star-Softball-e2nb0u7,assets/episode-art/340-dusty-diamonds-all-star-softball.jpg,episodes/340-dusty-diamonds-all-star-softball.md,,"All weekend ballplayers know softball's no joke, but that doesn't mean you can't have a little fun with it. And when you step up to the plate in this cart you'll find the wackiest bunch of players to ever hit a softball diamond!  Support NEStalgia directly by becoming a member of our Patreon at https://www.patreon.com/Nestalgia Members at the $5 and above level get access to our brand new show NEStalgia Bytes. A look at the famicom games you can play without any Japanese knowledge! For More NEStalgia, visit www.NEStalgiacast.com"
episode,339,Dungeon Magic: Sword of the Elements,2024-08-23,2804,https://anchor.fm/s/5808ab8/podcast/play/90586018/https%3A%2F%2Fd3ctxlq1ktw2nl.cloudfront.net%2Fstaging%2F2024-7-18%2F7c6a767e-6ea2-ac13-0d54-d5dab567fb7f.mp3,https://podcasters.spotify.com/pod/show/nestalgia/episodes/339---Dungeon-Magic-Sword-of-the-Elements-e2navf2,assets/episode-art/339-dungeon-magic-sword-of-the-elements.jpg,episodes/339-dungeon-magic-sword-of-the-elements.md,,"Dungeon Magic is a first-person role-playing game similar to Dungeon Master and Might & Magic. As in the former, instead of the usual turn-based combat you fight your enemies in real time, parrying to avoid their blows and attacking physically or casting offensive magic to hurt them. As in the latter, you explore large outdoor areas, towns, and dungeons.  Support NEStalgia directly by becoming a member of our Patreon at https://www.patreon.com/Nestalgia Members at the $5 and above level get access to our brand new show NEStalgia Bytes. A look at the famicom games you can play without any Japanese knowledge! For More NEStalgia, visit www.NEStalgiacast.com"
episode,338,Crystalis,2024-08-16,4275,https://anchor.fm/s/5808ab8/podcast/play/90489006/https%3A%2F%2Fd3ctxlq1ktw2nl.cloudfront.net%2Fstaging%2F2024-7-15%2Fe0793c58-e3ef-a246-890a-c88493c10527.mp3,https://podcasters.spotify.com/pod/show/nestalgia/episodes/338---Crystalis-e2n80ne,assets/episode-art/338-crystalis.jpg,episodes/338-crystalis.md,,"October 1st, 1997 is known as END DAY. A great war encircles the globe and brings about an end to civilization. The surviving humans concluded that they could never repeat their mistakes and build a great tower in the sky to watch over the world and act accordingly to combat ""evil"". One hundred years have passed since then and a hidden cryogenic chamber in the mountains springs to life...  Support NEStalgia directly by becoming a member of our Patreon at https://www.patreon.com/Nestalgia  Members at the $5 and above level get access to our brand new show NEStalgia Bytes. A look at the famicom games you can play without any Japanese knowledge! For More NEStalgia, visit www.NEStalgiacast.com"
episode,337,Circus Caper,2024-08-09,2271,https://anchor.fm/s/5808ab8/podcast/play/90200615/https%3A%2F%2Fd3ctxlq1ktw2nl.cloudfront.net%2Fstaging%2F2024-7-8%2F7cb080fd-a687-a1d6-e068-7d0e8ea21fe3.mp3,https://podcasters.spotify.com/pod/show/nestalgia/episodes/337---Circus-Caper-e2mv737,assets/episode-art/337-circus-caper.jpg,episodes/337-circus-caper.md,,"A boy named Tim and his little sister Judy go to a circus. They want to buy tickets to enter the circus, but they only have money for one ticket, so only Judy goes in. After the show, the boy is at the exit to meet Judy when she comes out, but when she doesn’t the boy sneaks into the circus to rescue his sister from the ringmaster Mr. Magic who has taken her hostage.  Support NEStalgia directly by becoming a member of our Patreon at https://www.patreon.com/Nestalgia Members at the $5 and above level get access to our brand new show NEStalgia Bytes. A look at the famicom games you can play without any Japanese knowledge! For More NEStalgia, visit www.NEStalgiacast.com"
episode,336,Battle Chess,2024-08-02,2080,https://anchor.fm/s/5808ab8/podcast/play/89534031/https%3A%2F%2Fd3ctxlq1ktw2nl.cloudfront.net%2Fstaging%2F2024-6-22%2F827819d8-03e9-38c1-cded-9f90d33b2088.mp3,https://podcasters.spotify.com/pod/show/nestalgia/episodes/336---Battle-Chess-e2mas4f,assets/episode-art/336-battle-chess.jpg,episodes/336-battle-chess.md,,"Battle Chess is a quite typical chess game, but it comes with a twist: all pieces are represented by small, realistic figures that walk around on the chessboard, and when one piece takes another, they both take part in an animated battle. There is a different animation for each permutation, depending on which pieces are capturing or being captured. You can also play in 2D without animation.  Support NEStalgia directly by becoming a member of our Patreon at https://www.patreon.com/Nestalgia  Members at the $5 and above level get access to our brand new show NEStalgia Bytes. A look at the famicom games you can play without any Japanese knowledge! For More NEStalgia, visit www.NEStalgiacast.com"
episode,335,The Adventures of Gilligan's Island,2024-07-26,2144,https://anchor.fm/s/5808ab8/podcast/play/89532659/https%3A%2F%2Fd3ctxlq1ktw2nl.cloudfront.net%2Fstaging%2F2024-6-22%2F87ccdc19-32e5-d3e1-641b-07ec6e28bb19.mp3,https://podcasters.spotify.com/pod/show/nestalgia/episodes/335---The-Adventures-of-Gilligans-Island-e2maqpj,assets/episode-art/335-the-adventures-of-gilligans-island.jpg,episodes/335-the-adventures-of-gilligans-island.md,,"The plot is based on a TV sitcom of the 60's named Gilligan's Island. Your ship crashed on a deserted island, and now you must get back to civilization. The stranded people on the island are: Gilligan and the Skipper ( the crew of the ship), a millionaire and his wife, a professor, and Mariann who is a homely Midwest U.S.A. girl.  Support NEStalgia directly by becoming a member of our Patreon at https://www.patreon.com/Nestalgia Members at the $5 and above level get access to our brand new show NEStalgia Bytes. A look at the famicom games you can play without any Japanese knowledge! For More NEStalgia, visit www.NEStalgiacast.com"
episode,334,Wall Street Kid,2024-07-19,1938,https://anchor.fm/s/5808ab8/podcast/play/88395511/https%3A%2F%2Fd3ctxlq1ktw2nl.cloudfront.net%2Fstaging%2F2024-5-24%2F92a6213f-9e29-f676-c833-9cd8633e27b8.mp3,https://podcasters.spotify.com/pod/show/nestalgia/episodes/334---Wall-Street-Kid-e2l849n,assets/episode-art/334-wall-street-kid.jpg,episodes/334-wall-street-kid.md,,"Your distant uncle has passed away, leaving you, his heir, with a fortune of billions of dollars. The catch? The Benedict family has extremely high standards, and you have to prove that you can make that fortune even larger on the stock market before it will be given to you. In addition, you must exercise regularly to stay healthy, and keep your girlfriend happy by pampering her frequently with gifts.  Support NEStalgia directly by becoming a member of our Patreon at https://www.patreon.com/Nestalgia Members at the $5 and above level get access to our brand new show NEStalgia Bytes. A look at the famicom games you can play without any Japanese knowledge! For More NEStalgia, visit www.NEStalgiacast.com"
episode,333,Starship Hector,2024-07-12,1872,https://anchor.fm/s/5808ab8/podcast/play/88395440/https%3A%2F%2Fd3ctxlq1ktw2nl.cloudfront.net%2Fstaging%2F2024-5-24%2F7e5089f7-73c4-f628-69d2-636d4f794044.mp3,https://podcasters.spotify.com/pod/show/nestalgia/episodes/333---Starship-Hector-e2l847g,assets/episode-art/333-starship-hector.jpg,episodes/333-starship-hector.md,,"A top-down/side-scrolling sci-fi shooter in which you take control of a small starfighter as you make your way through an alien planet with your objective being to destroy all enemy forces.  Support NEStalgia directly by becoming a member of our Patreon at https://www.patreon.com/Nestalgia Members at the $5 and above level get access to our brand new show NEStalgia Bytes. A look at the famicom games you can play without any Japanese knowledge! For More NEStalgia, visit www.NEStalgiacast.com"
episode,332,Solstice,2024-07-05,2353,https://traffic.megaphone.fm/APO5289241111.mp3,https://podcasters.spotify.com/pod/show/nestalgia/episodes/332---Solstice-e2l8450,assets/episode-art/332-solstice.jpg,episodes/332-solstice.md,,"The Princess Eleanor has been captured by the evil mage Morbius and is somewhere in the fortress of Kastlerock. You play the part of Shadax, who must now rescue the Princess by searching the fortress for the six pieces of the magical Staff of Demnos and use it to defeat Morbius.  Support NEStalgia directly by becoming a member of our Patreon at https://www.patreon.com/Nestalgia Members at the $5 and above level get access to our brand new show NEStalgia Bytes. A look at the famicom games you can play without any Japanese knowledge! For More NEStalgia, visit www.NEStalgiacast.com"
episode,331,Silkworm,2024-06-28,2205,https://anchor.fm/s/5808ab8/podcast/play/88395282/https%3A%2F%2Fd3ctxlq1ktw2nl.cloudfront.net%2Fstaging%2F2024-5-24%2F33dc132f-5dcd-7af3-7144-fe30bc2d56a2.mp3,https://podcasters.spotify.com/pod/show/nestalgia/episodes/331---Silkworm-e2l842i,assets/episode-art/331-silkworm.jpg,episodes/331-silkworm.md,,"Silkworm is a classic horizontally-scrolling shoot-em-up. The main difference between this game and many other side-scrolling shoot-em-ups is that you will be on land as well as in the air.  Support NEStalgia directly by becoming a member of our Patreon at https://www.patreon.com/Nestalgia Members at the $5 and above level get access to our brand new show NEStalgia Bytes. A look at the famicom games you can play without any Japanese knowledge! For More NEStalgia, visit www.NEStalgiacast.com"
episode,330,Shingen The Ruler,2024-06-21,2247,https://anchor.fm/s/5808ab8/podcast/play/85963005/https%3A%2F%2Fd3ctxlq1ktw2nl.cloudfront.net%2Fstaging%2F2024-3-26%2F004cdfa0-a06a-21d4-bd37-86e74f5aa1ad.mp3,https://podcasters.spotify.com/pod/show/nestalgia/episodes/330---Shingen-The-Ruler-e2itspt,assets/episode-art/330-shingen-the-ruler.jpg,episodes/330-shingen-the-ruler.md,,"Shingen Takeda was one of the most powerful warlords of medival Japan. You being with two small city states and attempt to conquer the country as Shingen did back in the 16th Century. Control all aspects of your territories from social, economic, and military in attempt to spread your influence. If you are good enough, you can do it faster than the real Shingen himself!  Support NEStalgia directly by becoming a member of our Patreon at https://www.patreon.com/Nestalgia Members at the $5 and above level get access to our brand new show NEStalgia Bytes. A look at the famicom games you can play without any Japanese knowledge! For More NEStalgia, visit www.NEStalgiacast.com"
episode,329,Rocket Ranger,2024-06-14,2689,https://anchor.fm/s/5808ab8/podcast/play/87693564/https%3A%2F%2Fd3ctxlq1ktw2nl.cloudfront.net%2Fstaging%2F2024-5-6%2F2ee177ae-9a3c-d994-0615-c6377b8700b1.mp3,https://podcasters.spotify.com/pod/show/nestalgia/episodes/329---Rocket-Ranger-e2kimps,assets/episode-art/329-rocket-ranger.jpg,episodes/329-rocket-ranger.md,,"The 21st century needs you! Across the boundaries of time and space you have been chosen to save Planet Earth from a monstrous alien invasion. Rise to the challenge with courage, skill and the help of three fantastic devices: a rocket suit, ray gun and powerful wrist computer. Only you can change our planet's destiny as the world's first hero of the future.  Support NEStalgia directly by becoming a member of our Patreon at https://www.patreon.com/Nestalgia Members at the $5 and above level get access to our brand new show NEStalgia Bytes. A look at the famicom games you can play without any Japanese knowledge! For More NEStalgia, visit www.NEStalgiacast.com"
episode,328,Rad Racer II,2024-06-07,2051,https://anchor.fm/s/5808ab8/podcast/play/85992283/https%3A%2F%2Fd3ctxlq1ktw2nl.cloudfront.net%2Fstaging%2F2024-3-27%2Feec82f01-7f83-8f9f-11fc-1c33c53d46f7.mp3,https://podcasters.spotify.com/pod/show/nestalgia/episodes/328---Rad-Racer-II-e2iupcr,assets/episode-art/328-rad-racer-ii.jpg,episodes/328-rad-racer-ii.md,,"Rad Racer II is an arcade style racing game which is the sequel to Rad Racer and features similar gameplay. Played with a 3D perspective from behind your vehicle, the goal is to race through a series of different tracks before time runs out. Support NEStalgia directly by becoming a member of our Patreon at https://www.patreon.com/Nestalgia Members at the $5 and above level get access to our brand new show NEStalgia Bytes. A look at the famicom games you can play without any Japanese knowledge! For More NEStalgia, visit www.NEStalgiacast.com"
episode,327,Puss 'n Boots: Pero's Great Adventure,2024-05-31,2299,https://anchor.fm/s/5808ab8/podcast/play/85962955/https%3A%2F%2Fd3ctxlq1ktw2nl.cloudfront.net%2Fstaging%2F2024-3-26%2F911ef611-b7ed-a435-dd9a-f5d2f832cd20.mp3,https://podcasters.spotify.com/pod/show/nestalgia/episodes/327---Puss-n-Boots-Peros-Great-Adventure-e2itsob,assets/episode-art/327-puss-n-boots-peros-great-adventure.jpg,episodes/327-puss-n-boots-peros-great-adventure.md,,"Join Pero as he travels through time to defeat the evil Count Gruemon in this platform-hoping, side-scrolling shooter adventure! Visit strange new locales such as the Wild West, Arabia, London, New York and outer space! Meet the denizens of these great places and shoot 'em! Pilot airplanes, submarines and even a hot air balloon!  Support NEStalgia directly by becoming a member of our Patreon at https://www.patreon.com/Nestalgia Members at the $5 and above level get access to our brand new show NEStalgia Bytes. A look at the famicom games you can play without any Japanese knowledge! For More NEStalgia, visit www.NEStalgiacast.com"
episode,326,Pinball Quest,2024-05-24,2573,https://anchor.fm/s/5808ab8/podcast/play/85958456/https%3A%2F%2Fd3ctxlq1ktw2nl.cloudfront.net%2Fstaging%2F2024-3-26%2Fe9a37c6d-4fcf-1c48-b338-a8bad44685b4.mp3,https://podcasters.spotify.com/pod/show/nestalgia/episodes/326---Pinball-Quest-e2itobo,assets/episode-art/326-pinball-quest.jpg,episodes/326-pinball-quest.md,,"Pinball Quest is billed as a pinball role-playing game, though the term is used loosely, as you only earn gold to buy stoppers and more powerful flippers. Actually, there are four different modes of play. The RPG-mode has six, multi-screen pinball tables, where you use your flippers to knock the pinball into enemies, find keys, and eventually rescue Princess Bali. The other modes, POP!POP!, Viva Golf, and Circus, are each specialized multi-screen pinball tables involving sports, golf, and the circus. The latter has a slot machine and a bonus game in which you throw balls at animals to save the girl they are chasing.  Support NEStalgia directly by becoming a member of our Patreon at https://www.patreon.com/Nestalgia Members at the $5 and above level get access to our brand new show NEStalgia Bytes. A look at the famicom games you can play without any Japanese knowledge! For More NEStalgia, visit www.NEStalgiacast.com"
episode,325,Michael Andretti's World GP,2024-05-17,2628,https://anchor.fm/s/5808ab8/podcast/play/85958523/https%3A%2F%2Fd3ctxlq1ktw2nl.cloudfront.net%2Fstaging%2F2024-3-26%2F4130385d-06b0-af0e-025f-0fafaffa172a.mp3,https://podcasters.spotify.com/pod/show/nestalgia/episodes/325---Michael-Andrettis-World-GP-e2itodr,assets/episode-art/325-michael-andrettis-world-gp.jpg,episodes/325-michael-andrettis-world-gp.md,,"Michael Andretti's World GP features 16 unique courses located in Brazil, San Marino, Monaco, Mexico, Canada, United States, France, England, West Germany, Hungary, Belgium, Italy, Portugal, Spain, Japan, and Australia. Each track can be played either in single player mode or in head-to-head 2-player action on a split screen. There are 4 different cars to choose from and manual shifting is a consideration during racing, a facet often overlooked in simpler NES racing game scenarios. While the star of the game is Michael Andretti, who pops in before each race to offer useful advice about the current track, the game also has appearances by many other F-1 racing stars.  Support NEStalgia directly by becoming a member of our Patreon at https://www.patreon.com/Nestalgia Members at the $5 and above level get access to our brand new show NEStalgia Bytes. A look at the famicom games you can play without any Japanese knowledge! For More NEStalgia, visit www.NEStalgiacast.com"
episode,324,Mechanized Attack,2024-05-10,2042,https://anchor.fm/s/5808ab8/podcast/play/84158408/https%3A%2F%2Fd3ctxlq1ktw2nl.cloudfront.net%2Fstaging%2F2024-2-17%2F2fe2bef2-c257-4348-60c5-e67c50c462c0.mp3,https://podcasters.spotify.com/pod/show/nestalgia/episodes/324---Mechanized-Attack-e2h6qg8,assets/episode-art/324-mechanized-attack.jpg,episodes/324-mechanized-attack.md,,"In the NES version, the player can use either a gamepad or the NES Light Zapper to carry out the mission. While the arcade version of Mechanized Attack has a miniature machine gun replica for the player to use, the NES version attempts to reproduce the feel by allowing the player to hold down a game pad button or the Light Zapper trigger for automatic fire. Extra ammo is plentiful so be sure to fire at those power-up boxes to grab as much as you can. There are also more powerful grenades which are in much shorter supply than the bullets.  Support NEStalgia directly by becoming a member of our Patreon at https://www.patreon.com/Nestalgia Members at the $5 and above level get access to our brand new show NEStalgia Bytes. A look at the famicom games you can play without any Japanese knowledge! For More NEStalgia, visit www.NEStalgiacast.com"
episode,323,The Mafat Conspiracy,2024-05-03,3375,https://anchor.fm/s/5808ab8/podcast/play/84158342/https%3A%2F%2Fd3ctxlq1ktw2nl.cloudfront.net%2Fstaging%2F2024-2-17%2F41f34400-d823-e678-f89f-ef64aeb61251.mp3,https://podcasters.spotify.com/pod/show/nestalgia/episodes/323---The-Mafat-Conspiracy-e2h6qe6,assets/episode-art/323-the-mafat-conspiracy.jpg,episodes/323-the-mafat-conspiracy.md,,"You play as Golgo 13 aka Duke Togo, ace sharpshooter and assassin. Based off a character of various manga comics, Golgo is a down-to-business man at the end of a gun. Stuck in the world of espionage among such groups as the FBI and the CIA, Golgo is constantly in mortal danger, and a lethal weapon in his own right.  The Mafat Conspiracy is the sequel to the NES game Top Secret Episode. In this chapter, Golgo must track down a missing satellite from the SDI laser defense system, as well as rescue a top scientist and stop those who would use the satellite for blackmail and terror on the world's nations.  Support NEStalgia directly by becoming a member of our Patreon at https://www.patreon.com/Nestalgia Members at the $5 and above level get access to our brand new show NEStalgia Bytes. A look at the famicom games you can play without any Japanese knowledge! For More NEStalgia, visit www.NEStalgiacast.com"
episode,322,The Last Starfighter,2024-04-26,2756,https://anchor.fm/s/5808ab8/podcast/play/84158236/https%3A%2F%2Fd3ctxlq1ktw2nl.cloudfront.net%2Fstaging%2F2024-2-17%2F9a5b5689-c36c-d58c-8cad-0681a5282243.mp3,https://podcasters.spotify.com/pod/show/nestalgia/episodes/322---The-Last-Starfighter-e2h6qas,assets/episode-art/322-the-last-starfighter.jpg,episodes/322-the-last-starfighter.md,,"The Last Starfighter is based on the 1984 movie of the same name. The hero must single-handedly pilot an extraordinarily powerful starfighter to destroy an enemy armada. The action takes place in outer space from a side-scrolling perspective where the ship always remains lined up in the middle of the screen but is able to turn forwards and backwards while accelerating and decelerating. The ship can also collapse into a slimmer configuration. Enemies come at you from all directions and in all formations. Shoot them as quickly as possible while also disabling the enemy fleet's starcruisers as best you can.  Support NEStalgia directly by becoming a member of our Patreon at https://www.patreon.com/Nestalgia Members at the $5 and above level get access to our brand new show NEStalgia Bytes. A look at the famicom games you can play without any Japanese knowledge! For More NEStalgia, visit www.NEStalgiacast.com"
episode,321,Jeopardy 25th Anniversary Edition,2024-04-19,916,https://anchor.fm/s/5808ab8/podcast/play/85153676/https%3A%2F%2Fd3ctxlq1ktw2nl.cloudfront.net%2Fstaging%2F2024-3-8%2F7a2c5651-7cc8-a7f5-b485-1560ead566ed.mp3,https://podcasters.spotify.com/pod/show/nestalgia/episodes/321---Jeopardy-25th-Anniversary-Edition-e2i56ec,assets/episode-art/321-jeopardy-25th-anniversary-edition.jpg,episodes/321-jeopardy-25th-anniversary-edition.md,,"Based on the television game show of the same name. The 25th anniversary edition of this quiz show requires you to provide 'questions' in response to the 'answer' clues. The harder the question the more money it is worth.  Support NEStalgia directly by becoming a member of our Patreon at https://www.patreon.com/Nestalgia Members at the $5 and above level get access to our brand new show NEStalgia Bytes. A look at the famicom games you can play without any Japanese knowledge! For More NEStalgia, visit www.NEStalgiacast.com"
episode,320,ImageFight,2024-04-12,2548,https://anchor.fm/s/5808ab8/podcast/play/83660441/https%3A%2F%2Fd3ctxlq1ktw2nl.cloudfront.net%2Fstaging%2F2024-2-6%2Fcd5c307f-9adb-48f8-f34c-e6a5b701bc77.mp3,https://podcasters.spotify.com/pod/show/nestalgia/episodes/320---ImageFight-e2gnk6p,assets/episode-art/320-imagefight.jpg,episodes/320-imagefight.md,,"ImageFight is a top-down vertically scrolling space shooter. On every level there will be enemy ships, turrets, robots, and other machines shooting projectiles or trying to ram you. But there are also power-ups scattered around in small green containers. You must destroy these containers before you can obtain the power-up. Those power-ups include pods that add extra attack power or speed, new kinds of weapons, the ability to fire in different directions, etc.  Support NEStalgia directly by becoming a member of our Patreon at https://www.patreon.com/Nestalgia Members at the $5 and above level get access to our brand new show NEStalgia Bytes. A look at the famicom games you can play without any Japanese knowledge! For More NEStalgia, visit www.NEStalgiacast.com"
episode,319,Heavy Shreddin',2024-04-05,2149,https://anchor.fm/s/5808ab8/podcast/play/83563064/https%3A%2F%2Fd3ctxlq1ktw2nl.cloudfront.net%2Fstaging%2F2024-2-4%2Fa6089e60-d308-4462-2479-91b1a926d5ba.mp3,https://podcasters.spotify.com/pod/show/nestalgia/episodes/319---Heavy-Shreddin-e2gkl3o,assets/episode-art/319-heavy-shreddin.jpg,episodes/319-heavy-shreddin.md,,"In this snowboarding game, the player goes on various runs completing events on downhill mountains. There are five events in all: Downhill, Slalom, Half-pipe, Moguls and Backwoods. In Downhill the object is to get down the slope as fast as possible. In Slalom you have to guide the board between the gates. In halfpipe, you have to perform stunts on a half pipe. In Moguls, you have to jump over both small and large moguls. In Backwoods, you'll be given different obstacles to contend with and you'll have to find away to get around them.  Support NEStalgia directly by becoming a member of our Patreon at https://www.patreon.com/Nestalgia Members at the $5 and above level get access to our brand new show NEStalgia Bytes. A look at the famicom games you can play without any Japanese knowledge! For More NEStalgia, visit www.NEStalgiacast.com"
episode,318,Dragon Spirit: The New Legend,2024-03-29,2947,https://anchor.fm/s/5808ab8/podcast/play/83564778/https%3A%2F%2Fd3ctxlq1ktw2nl.cloudfront.net%2Fstaging%2F2024-2-4%2F237948de-9deb-7ce6-7aef-bb74ac831581.mp3,https://podcasters.spotify.com/pod/show/nestalgia/episodes/318---Dragon-Spirit-The-New-Legend-e2gkmpa,assets/episode-art/318-dragon-spirit-the-new-legend.jpg,episodes/318-dragon-spirit-the-new-legend.md,,"The NES version is unique in that it presents a somewhat altered story and an additional gameplay mode. Technically, it is a sort of sequel, with ""A New Legend"" being its subtitle. In this version, Zawell is already defeated and King Amul and his now wife Queen Alicia, have two children named Iris (a princess) and Lace (a prince). A new evil named Galda has decided to attack the Earth. Galda also has taken Iris captive and now Lace must go rescue her.  Support NEStalgia directly by becoming a member of our Patreon at https://www.patreon.com/Nestalgia Members at the $5 and above level get access to our brand new show NEStalgia Bytes. A look at the famicom games you can play without any Japanese knowledge! For More NEStalgia, visit www.NEStalgiacast.com"
episode,317,Disney's Chip 'n Dale: Rescue Rangers,2024-03-22,2595,https://anchor.fm/s/5808ab8/podcast/play/82458744/https%3A%2F%2Fd3ctxlq1ktw2nl.cloudfront.net%2Fstaging%2F2024-1-9%2Fbf62a966-84ed-4269-8320-063005b6665a.mp3,https://podcasters.spotify.com/pod/show/nestalgia/episodes/317---Disneys-Chip-n-Dale-Rescue-Rangers-e2fiulo,assets/episode-art/317-disneys-chip-n-dale-rescue-rangers.jpg,,,"The rescue rangers are tiny heroes. Consisting of two chipmunks, two mice and a fly... these heroes may be small but there's no case too big for them to take on. This game starts out simply enough, with a mission to rescue a small kitten, but soon escalates into a wider plot that pits the rescue rangers against their arch-nemesis, the feline kingpin, Fat Cat.  Support NEStalgia directly by becoming a member of our Patreon at https://www.patreon.com/Nestalgia Members at the $5 and above level get access to our brand new show NEStalgia Bytes. A look at the famicom games you can play without any Japanese knowledge! For More NEStalgia, visit www.NEStalgiacast.com"
episode,316,Castle of Dragon,2024-03-15,2583,https://anchor.fm/s/5808ab8/podcast/play/82458623/https%3A%2F%2Fd3ctxlq1ktw2nl.cloudfront.net%2Fstaging%2F2024-2-14%2Fc3c022f4-6a05-7810-753e-308445ab6a9e.mp3,https://podcasters.spotify.com/pod/show/nestalgia/episodes/316---Castle-of-Dragon-e2fiuhv,assets/episode-art/316-castle-of-dragon.jpg,episodes/316-castle-of-dragon.md,,"Castle of Dragon is a side-scrolling action adventure in which Geraden must hack and slash his way through the kingdom and destroy legions on Darklarza's forces. Initially equipped with a sword and a shield, plus the armor on his back, Geraden can upgrade to more powerful offensive and defensive options, as well as obtain various powerful magic spells.  Support NEStalgia directly by becoming a member of our Patreon at https://www.patreon.com/Nestalgia Members at the $5 and above level get access to our brand new show NEStalgia Bytes. A look at the famicom games you can play without any Japanese knowledge! For More NEStalgia, visit www.NEStalgiacast.com"
episode,315,Captain Skyhawk,2024-03-08,2487,https://anchor.fm/s/5808ab8/podcast/play/81769518/https%3A%2F%2Fd3ctxlq1ktw2nl.cloudfront.net%2Fstaging%2F2024-0-25%2Fda0b4704-1272-82e1-1132-78d82efb67ae.mp3,https://podcasters.spotify.com/pod/show/nestalgia/episodes/315---Captain-Skyhawk-e2ettje,assets/episode-art/315-captain-skyhawk.jpg,episodes/315-captain-skyhawk.md,,"Aliens are draining the energy from the Earth and plan to totally destroy it when they're through. Only Captain Skyhawk and his F-14VTS fighter jet can get rid of these alien invaders.  Support NEStalgia directly by becoming a member of our Patreon at https://www.patreon.com/Nestalgia Members at the $5 and above level get access to our brand new show NEStalgia Bytes. A look at the famicom games you can play without any Japanese knowledge! For More NEStalgia, visit www.NEStalgiacast.com"
episode,314,Cabal,2024-03-01,2486,https://anchor.fm/s/5808ab8/podcast/play/83209274/https%3A%2F%2Fd3ctxlq1ktw2nl.cloudfront.net%2Fstaging%2F2024-1-26%2Fcee56f63-a9e5-6167-db78-ebffa64fc253.mp3,https://podcasters.spotify.com/pod/show/nestalgia/episodes/314---Cabal-e2g9rjq,assets/episode-art/314-cabal.jpg,episodes/314-cabal.md,,"Originating in the arcades, Cabal is a shooter where the protagonist runs back and forth along the bottom of the screen, ducking and dodging bullets and grenades from the enemy. The player returns fire by moving a target around the screen which also moves the player character and may expose him to enemy fire.  Support NEStalgia directly by becoming a member of our Patreon at https://www.patreon.com/Nestalgia Members at the $5 and above level get access to our brand new show NEStalgia Bytes. A look at the famicom games you can play without any Japanese knowledge! For More NEStalgia, visit www.NEStalgiacast.com"
episode,313,Boulder Dash,2024-02-23,2309,https://anchor.fm/s/5808ab8/podcast/play/81143814/https%3A%2F%2Fd3ctxlq1ktw2nl.cloudfront.net%2Fstaging%2F2024-0-11%2Ff286fb1a-f1b7-f0cb-1f1b-9e6445010268.mp3,https://podcasters.spotify.com/pod/show/nestalgia/episodes/313---Boulder-Dash-e2eaqi6,assets/episode-art/313-boulder-dash.jpg,episodes/313-boulder-dash.md,,"You are Rockford, and you have to dig through monster infested caves in search of diamonds. In each level you must collect a certain number of these diamonds, in order to open a portal to the next stage. Enemies can be squashed by falling boulders, which are released when the ground below them is removed or they are pushed onto empty ground, but be careful because these can also squash you. In later levels, difficulty is increased by many puzzle elements and shorter time limits.  Support NEStalgia directly by becoming a member of our Patreon at https://www.patreon.com/Nestalgia Members at the $5 and above level get access to our brand new show NEStalgia Bytes. A look at the famicom games you can play without any Japanese knowledge! For More NEStalgia, visit www.NEStalgiacast.com"
episode,312,Bad News Baseball,2024-02-16,2250,https://anchor.fm/s/5808ab8/podcast/play/81028610/https%3A%2F%2Fd3ctxlq1ktw2nl.cloudfront.net%2Fstaging%2F2024-0-9%2F0abcbf32-be16-f189-9264-6c7c854d287e.mp3,https://podcasters.spotify.com/pod/show/nestalgia/episodes/312---Bad-News-Baseball-e2e7a22,assets/episode-art/312-bad-news-baseball.jpg,episodes/312-bad-news-baseball.md,,"Welcome to the world of Bad News Baseball, a place where rabbits serve as umpires, home runs escape the earth's atmosphere, and batters are knocked unconscious when they make an out.  Support NEStalgia directly by becoming a member of our Patreon at https://www.patreon.com/Nestalgia Members at the $5 and above level get access to our brand new show NEStalgia Bytes. A look at the famicom games you can play without any Japanese knowledge! For More NEStalgia, visit www.NEStalgiacast.com"
episode,311,Arkista's Ring,2024-02-09,2729,https://anchor.fm/s/5808ab8/podcast/play/80817190/https%3A%2F%2Fd3ctxlq1ktw2nl.cloudfront.net%2Fstaging%2F2024-0-4%2F27c20864-d691-1ad5-c556-f5771e5ca4d9.mp3,https://podcasters.spotify.com/pod/show/nestalgia/episodes/311---Arkistas-Ring-e2e0rj6,assets/episode-art/311-arkistas-ring.jpg,episodes/311-arkistas-ring.md,,"An evil character named Shogun has stolen the Elven ring of Arkista, and in so doing has plunged the whole Elf kingdom into darkness. All the elves hope lies in one elf warrior named Christine. Equipped in the beginning with only a bow, she proceeds to find the ring and restore her home back to normal.  Support NEStalgia directly by becoming a member of our Patreon at https://www.patreon.com/Nestalgia Members at the $5 and above level get access to our brand new show NEStalgia Bytes. A look at the famicom games you can play without any Japanese knowledge! For More NEStalgia, visit www.NEStalgiacast.com"
episode,310,Disney Adventures in the Magic Kingdom,2024-02-02,2522,https://traffic.megaphone.fm/APO1093462328.mp3,https://podcasters.spotify.com/pod/show/nestalgia/episodes/310---Disney-Adventures-in-the-Magic-Kingdom-e2cus2r,assets/episode-art/310-disney-adventures-in-the-magic-kingdom.jpg,episodes/310-disney-adventures-in-the-magic-kingdom.md,,"It's time for the Mickey Mouse parade down Main Street of Disneyland, but before things can start, the six silver keys to the Castle have to be found. Scattered all across different Disneyland attractions, it's up to the player to enter these worlds and obtain the keys. They are located in the following mini-games:  Support NEStalgia directly by becoming a member of our Patreon at https://www.patreon.com/Nestalgia Members at the $5 and above level get access to our brand new show NEStalgia Bytes. A look at the famicom games you can play without any Japanese knowledge! For More NEStalgia, visit www.NEStalgiacast.com"
other,,Patreon Mailbag 2023,2024-02-01,5148,https://anchor.fm/s/5808ab8/podcast/play/82113736/https%3A%2F%2Fd3ctxlq1ktw2nl.cloudfront.net%2Fstaging%2F2024-1-4%2Fe1d8b300-498c-9ed4-a8e5-14ece45b63fa.mp3,https://podcasters.spotify.com/pod/show/nestalgia/episodes/Patreon-Mailbag-2023-e2f8do8,assets/episode-art/patreon-mailbag-2023.jpg,,,"Support NEStalgia directly by becoming a member of our Patreon at https://www.patreon.com/Nestalgia Members at the $5 and above level get access to our brand new show NEStalgia Bytes. A look at the famicom games you can play without any Japanese knowledge! For More NEStalgia, visit www.NEStalgiacast.com"
episode,309,Remote Control,2024-01-26,2062,https://traffic.megaphone.fm/APO5502909521.mp3,https://podcasters.spotify.com/pod/show/nestalgia/episodes/309---Remote-Control-e2cus0t,assets/episode-art/309-remote-control.jpg,episodes/309-remote-control.md,,"Remote Control is based on the MTV quiz show of the same name. During the game three contestants (computer or human controlled) compete by answering questions about various TV shows, movies, characters, or actors/actresses. There are two rounds of gameplay followed by a third ""think real fast"" round.  Support NEStalgia directly by becoming a member of our Patreon at https://www.patreon.com/Nestalgia Members at the $5 and above level get access to our brand new show NEStalgia Bytes. A look at the famicom games you can play without any Japanese knowledge! For More NEStalgia, visit www.NEStalgiacast.com"
episode,308,Ninja Gaiden II: The Dark Sword of Chaos,2024-01-19,4342,https://anchor.fm/s/5808ab8/podcast/play/80727714/https%3A%2F%2Fd3ctxlq1ktw2nl.cloudfront.net%2Fstaging%2F2024-0-2%2Ff4534295-d953-1c58-9248-5b3ce5248034.mp3,https://podcasters.spotify.com/pod/show/nestalgia/episodes/308---Ninja-Gaiden-II-The-Dark-Sword-of-Chaos-e2du472,assets/episode-art/308-ninja-gaiden-ii-the-dark-sword-of-chaos.jpg,episodes/308-ninja-gaiden-ii-the-dark-sword-of-chaos.md,,"A year after the events of the original Ninja Gaiden, a new villain named Ashtar receives word of Jaquio's defeat. Ashtar uses this opportunity to hatch a new plan to plunge the world into darkness. The ninja, Ryu Hayabusa, hits the trail to destroy all manner of vile creatures entering the world while fighting his way to destroy Ashtar, his Dark Sword of Chaos, and whatever else is behind the evil.  Support NEStalgia directly by becoming a member of our Patreon at https://www.patreon.com/Nestalgia Members at the $5 and above level get access to our brand new show NEStalgia Bytes. A look at the famicom games you can play without any Japanese knowledge! For More NEStalgia, visit www.NEStalgiacast.com"
episode,307,Xexyz,2024-01-12,3756,https://anchor.fm/s/5808ab8/podcast/play/78722725/https%3A%2F%2Fd3ctxlq1ktw2nl.cloudfront.net%2Fstaging%2F2023-10-16%2Fb4155b15-5e7f-1eb4-b0ee-8451a5c618d8.mp3,https://podcasters.spotify.com/pod/show/nestalgia/episodes/307---Xexyz-e2c0u75,assets/episode-art/307-xexyz.jpg,episodes/307-xexyz.md,,"It's the year 2777. Due to nuclear wars and natural disasters, Earth's population has decreased dramatically and only five island are left, forming the nation of Xexyz. In Xexyz, humans, spirits and faeries have lived peacefully for centuries under the reign of King Xeu Star. One day, Xexyz is attacked by Goruza who murders the king, builds mechanical castles on each island and captures the queen of each island. You take on the role of a soldier named Apollo who wants to put an end to Goruza's reign.  Support NEStalgia directly by becoming a member of our Patreon at https://www.patreon.com/Nestalgia Members at the $5 and above level get access to our brand new show NEStalgia Bytes. A look at the famicom games you can play without any Japanese knowledge! For More NEStalgia, visit www.NEStalgiacast.com"
episode,306,Wrath of the Black Manta,2024-01-05,2995,https://traffic.megaphone.fm/APO6022613179.mp3,https://podcasters.spotify.com/pod/show/nestalgia/episodes/306---Wrath-of-the-Black-Manta-e2bevob,assets/episode-art/306-wrath-of-the-black-manta.jpg,episodes/306-wrath-of-the-black-manta.md,,"New York is being overrun with crime, and the city's children are mysteriously disappearing. It is up to the Black Manta to rescue the children and stop whomever is behind this. In addition to his ninja skills, Black Manta will be able to acquire additional powers (including invisibility and teleportation) to help him out against the numerous and well-armed villains.  Support NEStalgia directly by becoming a member of our Patreon at https://www.patreon.com/Nestalgia Members at the $5 and above level get access to our brand new show NEStalgia Bytes. A look at the famicom games you can play without any Japanese knowledge! For More NEStalgia, visit www.NEStalgiacast.com"
episode,305,WCW: World Championship Wrestling,2023-12-29,2844,https://anchor.fm/s/5808ab8/podcast/play/77861350/https%3A%2F%2Fd3ctxlq1ktw2nl.cloudfront.net%2Fstaging%2F2023-9-29%2F863c61df-b3c6-44b4-7259-e4627069c250.mp3,https://podcasters.spotify.com/pod/show/nestalgia/episodes/305---WCW-World-Championship-Wrestling-e2b6l16,assets/episode-art/305-wcw-world-championship-wrestling.jpg,episodes/305-wcw-world-championship-wrestling.md,,"WCW: World Championship Wrestling is an isometric wrestling game of the National Wrestling Alliance. Players can choose to engage in one- or two-player matches as either 1vs1 solo bouts or 2vs2 tag-teams.  Support NEStalgia directly by becoming a member of our Patreon at https://www.patreon.com/Nestalgia Members at the $5 and above level get access to our brand new show NEStalgia Bytes. A look at the famicom games you can play without any Japanese knowledge! For More NEStalgia, visit www.NEStalgiacast.com"
episode,304,Tecmo World Wrestling,2023-12-22,2440,https://traffic.megaphone.fm/APO7215199338.mp3,https://podcasters.spotify.com/pod/show/nestalgia/episodes/304---Tecmo-World-Wrestling-e2b1rk2,assets/episode-art/304-tecmo-world-wrestling.jpg,episodes/304-tecmo-world-wrestling.md,,"In Tecmo World Wrestling, you select from 10 fictional wrestlers and compete against the others for the coveted Tecmo World Wrestling Title. When your match begins you'll find you've got all the moves of the pros. You can run, climb to the top ropes, climb outside the ring, pick up your opponent, throw them over the ropes, pin them, and escape from a pin yourself.  Support NEStalgia directly by becoming a member of our Patreon at https://www.patreon.com/Nestalgia Members at the $5 and above level get access to our brand new show NEStalgia Bytes. A look at the famicom games you can play without any Japanese knowledge! For More NEStalgia, visit www.NEStalgiacast.com"
episode,303,Super C,2023-12-15,3069,https://traffic.megaphone.fm/APO7084422417.mp3,https://podcasters.spotify.com/pod/show/nestalgia/episodes/303---Super-C-e2b1r90,assets/episode-art/303-super-c.jpg,episodes/303-super-c.md,,"The alien Red Falcon is back, and planning on taking over the planet Earth. Now it's up to Scorpion and Mad Dog to battle through five levels and save the planet.  Super Contra is the sequel to Contra. Gameplay is a combination of side scrolling/platform and top down view. There is a wide variety of enemies to defeat, starting with earthly locations, and progressing to more alien. To help out, weapon upgrades can be found as the game progresses. Two players can play simultaneously, or one player can attempt to take on Red Falcon himself.  Support NEStalgia directly by becoming a member of our Patreon at https://www.patreon.com/Nestalgia Members at the $5 and above level get access to our brand new show NEStalgia Bytes. A look at the famicom games you can play without any Japanese knowledge! For More NEStalgia, visit www.NEStalgiacast.com"
episode,302,Snoopy's Silly Sports Spectacular,2023-12-08,2168,https://traffic.megaphone.fm/APO3702329005.mp3,https://podcasters.spotify.com/pod/show/nestalgia/episodes/302---Snoopys-Silly-Sports-Spectacular-e2aip9e,assets/episode-art/302-snoopys-silly-sports-spectacular.jpg,episodes/302-snoopys-silly-sports-spectacular.md,,"The Silly Sports are being held in its traditional home of Italy and Snoopy, from the Peanuts comic strips, will want to attend. Snoopy packs his plane and brings along his relative, Spike as an opponent and the little yellow bird, Woodstock to judge.  Support NEStalgia directly by becoming a member of our Patreon at https://www.patreon.com/Nestalgia Members at the $5 and above level get access to our brand new show NEStalgia Bytes. A look at the famicom games you can play without any Japanese knowledge! For More NEStalgia, visit www.NEStalgiacast.com"
episode,301,Snake's Revenge,2023-12-01,3618,https://traffic.megaphone.fm/APO9405375219.mp3,https://podcasters.spotify.com/pod/show/nestalgia/episodes/301---Snakes-Revenge-e2aipcm,assets/episode-art/301-snakes-revenge.jpg,episodes/301-snakes-revenge.md,,"Snake's Revenge is a licensed but non-canon sequel to the original Metal Gear for the NES. Three years has passed since the Outer Heaven incident. FOX-HOUND has gained intelligence that an unknown terrorist group has seized a remote facility containing mass-produced Metal Gear tanks, as well as a new Metal Gear prototype which was under development. The newly-promoted Lt. Solid Snake is called back into action to infiltrate the terrorists' base with the help of two FOX-HOUND rookies, former marine Nick Myer and navy intelligence agent John Turner."
episode,300,Pin*Bot,2023-11-24,5770,https://anchor.fm/s/5808ab8/podcast/play/77210675/https%3A%2F%2Fd3ctxlq1ktw2nl.cloudfront.net%2Fstaging%2F2023-9-14%2F02611e81-1dca-4fa0-3862-962b07458555.mp3,https://podcasters.spotify.com/pod/show/nestalgia/episodes/300---PinBot-e2aipjj,assets/episode-art/300-pin-bot.jpg,episodes/300-pin-bot.md,,"Pin-Bot is a conversion of the arcade pinball game by Williams Electronics. The game is played with a split screen; the bottom half of the screen remains on your flippers, while the top half scrolls to follow the ball(s) on the table. In addition to recreating the pinball game's table, lights, and sounds several video game elements have been added, such as monsters that like to eat pinballs. Up to four players can compete against Pin-Bot!  Support NEStalgia directly by becoming a member of our Patreon at https://www.patreon.com/Nestalgia Members at the $5 and above level get access to our brand new show NEStalgia Bytes. A look at the famicom games you can play without any Japanese knowledge! For More NEStalgia, visit www.NEStalgiacast.com"
episode,299,Phantom Fighter,2023-11-17,2948,https://traffic.megaphone.fm/APO8725978397.mp3,https://podcasters.spotify.com/pod/show/nestalgia/episodes/299---Phantom-Fighter-e29m92v,assets/episode-art/299-phantom-fighter.jpg,episodes/299-phantom-fighter.md,,"Based on the 1985 Hong Kong movie, ""Mr. Vampire"", Phantom Fighter puts the player in the role of a Chinese warrior who walks with your pupil through several Chinese towns taken by phantoms. Enter each house and beat 'em up using a variety of kung-fu moves. After defeating a phantom, you'll receive a special gift that recovers your energy or enhances your fighting skills. During the game, you talk to different people who help you to understand what's going on.  Support NEStalgia directly by becoming a member of our Patreon at https://www.patreon.com/Nestalgia Members at the $5 and above level get access to our brand new show NEStalgia Bytes. A look at the famicom games you can play without any Japanese knowledge! For More NEStalgia, visit www.NEStalgiacast.com"
episode,298,"Ivan ""Ironman"" Stewart's Super Off Road",2023-11-10,2951,https://anchor.fm/s/5808ab8/podcast/play/76276400/https%3A%2F%2Fd3ctxlq1ktw2nl.cloudfront.net%2Fstaging%2F2023-8-23%2F2074eafc-1502-ed38-1c6a-f4ade2d66165.mp3,https://podcasters.spotify.com/pod/show/nestalgia/episodes/298---Ivan-Ironman-Stewarts-Super-Off-Road-e29m97g,assets/episode-art/298-ivan-ironman-stewarts-super-off-road.jpg,episodes/298-ivan-ironman-stewarts-super-off-road.md,,"Enter the world of off-road racing as 4 vehicles will face each other, on a series of tracks which are based around flipped and reversed versions of a core selection. Fame, glory and bikini clad women await your victories and the taste of dirt awaits if you fail.  Support NEStalgia directly by becoming a member of our Patreon at https://www.patreon.com/Nestalgia Members at the $5 and above level get access to our brand new show NEStalgia Bytes. A look at the famicom games you can play without any Japanese knowledge! For More NEStalgia, visit www.NEStalgiacast.com"
episode,297,Ghostbusters II,2023-11-03,2692,https://traffic.megaphone.fm/APO8033957032.mp3,https://podcasters.spotify.com/pod/show/nestalgia/episodes/297---Ghostbusters-II-e29m9am,assets/episode-art/297-ghostbusters-ii.jpg,episodes/297-ghostbusters-ii.md,,"Based on the movie of the same name, something strange is going on in New York City and the Ghostbusters are back and armed with ""benevolent slime"" to find out what it is. The ghostbusters quest, like in the movie, takes them to an underground river of slime, ghostly hauntings in the courthouse, an abandoned subway line. These action sequences are interspersed with driving sequences with the Ghostbusters car, Ecto-1A Finally, the Ghostbusters must bring the Statue of Liberty to life through the New York Harbor and then navigate it through the city streets. This leads to a final confrontation with a painting come-to-life, Virgo the Carpathian in which all 4 ghostbuster members must fight their way into the museum.  Support NEStalgia directly by becoming a member of our Patreon at https://www.patreon.com/Nestalgia Members at the $5 and above level get access to our brand new show NEStalgia Bytes. A look at the famicom games you can play without any Japanese knowledge! For More NEStalgia, visit www.NEStalgiacast.com"
episode,296,Dynowarz,2023-10-27,2209,https://traffic.megaphone.fm/APO4867583258.mp3,https://podcasters.spotify.com/pod/show/nestalgia/episodes/296---Dynowarz-e29m9d8,assets/episode-art/296-dynowarz.jpg,episodes/296-dynowarz.md,,"This is a game of combat between giant mechanized dinosaurs named robosaurs in a faraway solar system named Spondylus. Mad robosaurs have overrun the planets of this man-made solar system and it is up to Professor Proteus to take the controls of the #1 robosaur, the Cyborasaurus. The goal is to get to the center of all 7 planets in this solar system and disable the artificially intelligent life support systems, which are guarded by progressively tougher defense.  Support NEStalgia directly by becoming a member of our Patreon at https://www.patreon.com/Nestalgia Members at the $5 and above level get access to our brand new show NEStalgia Bytes. A look at the famicom games you can play without any Japanese knowledge! For More NEStalgia, visit www.NEStalgiacast.com"
episode,295,Double Dare,2023-10-20,2337,https://anchor.fm/s/5808ab8/podcast/play/76070481/https%3A%2F%2Fd3ctxlq1ktw2nl.cloudfront.net%2Fstaging%2F2023-8-18%2Fd4ee2ec6-7a00-6b76-60d3-dd1dcf82dd24.mp3,https://podcasters.spotify.com/pod/show/nestalgia/episodes/295---Double-Dare-e29g04h,assets/episode-art/295-double-dare.jpg,episodes/295-double-dare.md,,"Like the TV show, the game is basically a trivia game with the added enhancement of being able to answer the question, or take a dare. Dares consist of the Toss-up Challenge, the Physical Challenge, and in the last round, the Obstacle Course. Questions are varied, and in large enough number to avoid excessive repetition even over several games worth of play.  Support NEStalgia directly by becoming a member of our Patreon at https://www.patreon.com/Nestalgia Members at the $5 and above level get access to our brand new show NEStalgia Bytes. A look at the famicom games you can play without any Japanese knowledge! For More NEStalgia, visit www.NEStalgiacast.com"
episode,294,"Win, Lose, or Draw",2023-10-13,2268,https://traffic.megaphone.fm/APO8753754518.mp3,https://podcasters.spotify.com/pod/show/nestalgia/episodes/294---Win--Lose--or-Draw-e29ehgj,assets/episode-art/294-win-lose-or-draw.jpg,episodes/294-win-lose-or-draw.md,,"Win, Lose or Draw was a popular TV show requiring artistic skills and an ability to think laterally. A player on your team draws something on the big game board, and you must work out what it represents.  Support NEStalgia directly by becoming a member of our Patreon at https://www.patreon.com/Nestalgia Members at the $5 and above level get access to our brand new show NEStalgia Bytes. A look at the famicom games you can play without any Japanese knowledge! For More NEStalgia, visit www.NEStalgiacast.com"
episode,293,Wheel of Fortune: Family Edition,2023-10-06,2028,https://anchor.fm/s/5808ab8/podcast/play/76022598/https%3A%2F%2Fd3ctxlq1ktw2nl.cloudfront.net%2Fstaging%2F2023-8-17%2Fd6cedc3a-41dd-e2a1-2cdf-593aecdcb79b.mp3,https://podcasters.spotify.com/pod/show/nestalgia/episodes/293---Wheel-of-Fortune-Family-Edition-e29ehc6,assets/episode-art/293-wheel-of-fortune-family-edition.jpg,episodes/293-wheel-of-fortune-family-edition.md,,"Wheel of Fortune: Family Edition is one of a series of NES games based on the famous TV game show. The goal is to solve a word puzzle by guessing letters. The players take turns spinning a wheel that has designated money amounts in most spaces, but can also bankrupt the player in the wheel lands on the wrong space. A player can guess a letter and if that letter is in the puzzle, those spaces are flipped to reveal the letter and the player earns the cash amount specified by the wheel spin, multiplied by the number of occurrences of the letter. Only English consonants can be guessed-- the 5 English vowels can be purchased using a player's earnings.  Support NEStalgia directly by becoming a member of our Patreon at https://www.patreon.com/Nestalgia Members at the $5 and above level get access to our brand new show NEStalgia Bytes. A look at the famicom games you can play without any Japanese knowledge! For More NEStalgia, visit www.NEStalgiacast.com"
episode,292,Vegas Dream,2023-09-29,3120,https://anchor.fm/s/5808ab8/podcast/play/75424476/https%3A%2F%2Fd3ctxlq1ktw2nl.cloudfront.net%2Fstaging%2F2023-8-3%2F5f7f6ed9-e7f6-df36-2c31-249e3cba7dec.mp3,https://podcasters.spotify.com/pod/show/nestalgia/episodes/292---Vegas-Dream-e28s98s,assets/episode-art/292-vegas-dream.jpg,episodes/292-vegas-dream.md,,"As a vacationing tourist, you have $700 in your pocket and a desire to hit the Las Vegas casinos and try to win it big. Play games of chance of either Blackjack, Roulette, Slot Machines or Keno in your attempts to horde vast quantaties of money and live the Vegas Dream.  Support NEStalgia directly by becoming a member of our Patreon at https://www.patreon.com/Nestalgia  Members at the $5 and above level get access to our brand new show NEStalgia Bytes. A look at the famicom games you can play without any Japanese knowledge! For More NEStalgia, visit www.NEStalgiacast.com"
episode,291,Terra Cresta,2023-09-22,2658,https://anchor.fm/s/5808ab8/podcast/play/75355314/https%3A%2F%2Fd3ctxlq1ktw2nl.cloudfront.net%2Fstaging%2F2023-8-1%2Faa34e9e2-a79e-b1cb-7b70-fbd386ab631c.mp3,https://podcasters.spotify.com/pod/show/nestalgia/episodes/291---Terra-Cresta-e28q5ni,assets/episode-art/291-terra-cresta.jpg,episodes/291-terra-cresta.md,,"In the follow-up to Moon Cresta, a well-guarded planet is being invaded. You will have to make a succession of passes over the landscape, shooting out ground turrets and aliens. Numbered bases release power-ups when shot - these can either be used in combination or (by pressing the space bar) in Formation Mode, covering a wider range of shooting positions. Each pass over the planet ends with a boss; the third and final one with a boss who can only be killed if you are at maximum power.  Support NEStalgia directly by becoming a member of our Patreon at https://www.patreon.com/Nestalgia  Members at the $5 and above level get access to our brand new show NEStalgia Bytes. A look at the famicom games you can play without any Japanese knowledge! For More NEStalgia, visit www.NEStalgiacast.com"
episode,290,Target: Renegade,2023-09-15,1779,https://anchor.fm/s/5808ab8/podcast/play/75355224/https%3A%2F%2Fd3ctxlq1ktw2nl.cloudfront.net%2Fstaging%2F2023-8-1%2Fa3c334c3-b2d1-9f15-d371-031b5e586943.mp3,https://podcasters.spotify.com/pod/show/nestalgia/episodes/290---Target-Renegade-e28q5ko,assets/episode-art/290-target-renegade.jpg,episodes/290-target-renegade.md,,"Mr. Big is back in town, and this time he's captured your brother! He's being held at Big's Pig Pen which is located on the upper side of town. The problem is, every gang in the city is out looking for you. It is now up to you to beat the odds and rescue your brother. You start the game armed only with your fists, and along the way there are some additional weapons to be found such as baseball bats or garbage cans. Gameplay is an arcade style side scrolling action game for one player.  Support NEStalgia directly by becoming a member of our Patreon at https://www.patreon.com/Nestalgia  Members at the $5 and above level get access to our brand new show NEStalgia Bytes. A look at the famicom games you can play without any Japanese knowledge! For More NEStalgia, visit www.NEStalgiacast.com"
episode,289,Magic Johnson's Fast Break,2023-09-08,1750,https://anchor.fm/s/5808ab8/podcast/play/75172430/https%3A%2F%2Fd3ctxlq1ktw2nl.cloudfront.net%2Fstaging%2F2023-7-28%2F45479e7d-dd1f-8cc9-c180-cc4f6f2d5333.mp3,https://podcasters.spotify.com/pod/show/nestalgia/episodes/289---Magic-Johnsons-Fast-Break-e28kj4e,assets/episode-art/289-magic-johnsons-fast-break.jpg,episodes/289-magic-johnsons-fast-break.md,,"Magic Johnson's Fast Break is fast-paced two-on-two action rather than the usual five-on-five contest. On screen you get a full-court, horizontally-scrolling gameplay. A referee monitors the action and calls the fouls if the gameplay gets too rough, and a crowd cheers you on.  Support NEStalgia directly by becoming a member of our Patreon at https://www.patreon.com/Nestalgia  Members at the $5 and above level get access to our brand new show NEStalgia Bytes. A look at the famicom games you can play without any Japanese knowledge! For More NEStalgia, visit www.NEStalgiacast.com  SHOW NOTES  Magic Johnson  NES Longplay  Michael Jackson Pepsi Accident  Comic Code Authority  What's The New Mary Jane?"
episode,288,Kid Kool,2023-09-01,2457,https://traffic.megaphone.fm/APO6359467615.mp3,https://podcasters.spotify.com/pod/show/nestalgia/episodes/288---Kid-Kool-e2862g1,assets/episode-art/288-kid-kool.jpg,episodes/288-kid-kool.md,,"Kid Kool is a side-scrolling platformer. The king is sick and Kool must gather the seven magical herbs to cure him within three days.  Support NEStalgia directly by becoming a member of our Patreon at https://www.patreon.com/Nestalgia Members at the $5 and above level get access to our brand new show NEStalgia Bytes. A look at the famicom games you can play without any Japanese knowledge! For More NEStalgia, visit www.NEStalgiacast.com"
episode,287,Jack Nicklaus' Greatest 18 Holes of Major Championship Golf,2023-08-25,3470,https://traffic.megaphone.fm/APO8827036966.mp3,https://podcasters.spotify.com/pod/show/nestalgia/episodes/287---Jack-Nicklaus-Greatest-18-Holes-of-Major-Championship-Golf-e28629j,assets/episode-art/287-jack-nicklaus-greatest-18-holes-of-major-championship-golf.jpg,episodes/287-jack-nicklaus-greatest-18-holes-of-major-championship-golf.md,,"Jack Nicklaus' Greatest 18 Holes of Major Championship Golf is a 3D golf simulation featuring an 18 Hole course created by Jack Nicklaus himself. Each of the 18 holes are from famous courses around the world and include number 8 at Pebble Beach, number 18 from Muirfield, number 12 from St. Andrews, number 12 from Augusta, number 10 at Riviera, and more. Gameplay is for one to four players and can be either stroke play or a skins game.  Support NEStalgia directly by becoming a member of our Patreon at https://www.patreon.com/Nestalgia Members at the $5 and above level get access to our brand new show NEStalgia Bytes. A look at the famicom games you can play without any Japanese knowledge! For More NEStalgia, visit www.NEStalgiacast.com"
episode,286,Heavy Barrel,2023-08-18,2608,https://traffic.megaphone.fm/APO7731947130.mp3,https://podcasters.spotify.com/pod/show/nestalgia/episodes/286---Heavy-Barrel-e27tqqo,assets/episode-art/286-heavy-barrel.jpg,episodes/286-heavy-barrel.md,,"Heavy Barrel is a shooter with a top-down view similar to Commando and Ikari Warriors. Terrorists have seized the underground control complex of a nuclear missile site. It is up to the player to infiltrate the installation and eliminate the leader of the terrorist army before they can launch the missiles.  Support NEStalgia directly by becoming a member of our Patreon at https://www.patreon.com/Nestalgia Members at the $5 and above level get access to our brand new show NEStalgia Bytes. A look at the famicom games you can play without any Japanese knowledge! For More NEStalgia, visit www.NEStalgiacast.com"
episode,285,Fisher Price Perfect Fit,2023-08-11,1791,https://anchor.fm/s/5808ab8/podcast/play/74341005/https%3A%2F%2Fd3ctxlq1ktw2nl.cloudfront.net%2Fstaging%2F2023-7-7%2Fb621bda9-96f8-43eb-f811-1f9cd16ae0a6.mp3,https://podcasters.spotify.com/pod/show/nestalgia/episodes/285---Fisher-Price-Perfect-Fit-e27r76d,assets/episode-art/285-fisher-price-perfect-fit.jpg,,,"Support NEStalgia directly by becoming a member of our Patreon at https://www.patreon.com/Nestalgia Members at the $5 and above level get access to our brand new show NEStalgia Bytes. A look at the famicom games you can play without any Japanese knowledge! For More NEStalgia, visit www.NEStalgiacast.com"
episode,284,Fisher Price I Can Remember,2023-08-04,1873,https://anchor.fm/s/5808ab8/podcast/play/74223769/https%3A%2F%2Fd3ctxlq1ktw2nl.cloudfront.net%2Fstaging%2F2023-7-4%2F2e087849-82d8-2621-bf8a-cbaf7512ec10.mp3,https://podcasters.spotify.com/pod/show/nestalgia/episodes/284---Fisher-Price-I-Can-Remember-e27nkmp,assets/episode-art/284-fisher-price-i-can-remember.jpg,,,"Support NEStalgia directly by becoming a member of our Patreon at https://www.patreon.com/Nestalgia Members at the $5 and above level get access to our brand new show NEStalgia Bytes. A look at the famicom games you can play without any Japanese knowledge! For More NEStalgia, visit www.NEStalgiacast.com"
episode,283,Conflict,2023-07-28,3101,https://traffic.megaphone.fm/APO3061768668.mp3,https://podcasters.spotify.com/pod/show/nestalgia/episodes/283---Conflict-e26mesl,assets/episode-art/283-conflict.jpg,episodes/283-conflict.md,,"Conflict is a turn-based, hex-grid wargame for the NES that can be played by one or two players. It is not a strictly historical wargame in which battles of the past are recreated using real-world geography. Instead, the two opposing sides (Blue vs. Red) fight it out across 16 imaginary scenarios with armies modeled on NATO and Warsaw Pact forces of the late 1980s.  Support NEStalgia directly by becoming a member of our Patreon at https://www.patreon.com/Nestalgia Members at the $5 and above level get access to our brand new show NEStalgia Bytes. A look at the famicom games you can play without any Japanese knowledge! For More NEStalgia, visit www.NEStalgiacast.com"
episode,282,Code Name: Viper,2023-07-21,2548,https://anchor.fm/s/5808ab8/podcast/play/72635496/https%3A%2F%2Fd3ctxlq1ktw2nl.cloudfront.net%2Fstaging%2F2023-5-26%2Fba6dcdd7-63c0-26e0-b01c-c365645ce2dc.mp3,https://podcasters.spotify.com/pod/show/nestalgia/episodes/282---Code-Name-Viper-e2675l8,assets/episode-art/282-code-name-viper.jpg,episodes/282-code-name-viper.md,,"Set against the backdrop of the war on drugs from the late 1980s/early 1990s, Code Name: Viper directly confronts the drug cartel at their bases in South America. You play an American secret agent who must infiltrate the cartel drug bases and mansions, free hostages and informants, and piece together clues about who the kingpin is-- and inevitably bring him down. Equip yourself with a progressively more powerful arsenal as the game progresses in standard NES side-scroller fashion.  Support NEStalgia directly by becoming a member of our Patreon at https://www.patreon.com/Nestalgia Members at the $5 and above level get access to our brand new show NEStalgia Bytes. A look at the famicom games you can play without any Japanese knowledge! For More NEStalgia, visit www.NEStalgiacast.com"
episode,281,Burai Fighter,2023-07-14,2402,https://anchor.fm/s/5808ab8/podcast/play/72635262/https%3A%2F%2Fd3ctxlq1ktw2nl.cloudfront.net%2Fstaging%2F2023-5-26%2Ffca95bfd-1a4c-462c-1417-56abab19463e.mp3,https://podcasters.spotify.com/pod/show/nestalgia/episodes/281---Burai-Fighter-e2675du,assets/episode-art/281-burai-fighter.jpg,episodes/281-burai-fighter.md,,"The Burai, a race of evil super-brain aliens, have launched their plan to conquer the universe with their army of half-organic, half-robot creatures -- the robo-mutants. It's up to you to stop them! Strap on your jet pack, and get ready to become the ultimate Burai Fighter.  Support NEStalgia directly by becoming a member of our Patreon at https://www.patreon.com/Nestalgia Members at the $5 and above level get access to our brand new show NEStalgia Bytes. A look at the famicom games you can play without any Japanese knowledge! For More NEStalgia, visit www.NEStalgiacast.com"
episode,280,Baseball Simulator 1.000,2023-07-07,2663,https://anchor.fm/s/5808ab8/podcast/play/72379667/https%3A%2F%2Fd3ctxlq1ktw2nl.cloudfront.net%2Fstaging%2F2023-5-20%2Feab915d8-8763-427d-8d82-7ff4f7bf225d.mp3,https://podcasters.spotify.com/pod/show/nestalgia/episodes/280---Baseball-Simulator-1-000-e25vbqj,assets/episode-art/280-baseball-simulator-1-000.jpg,episodes/280-baseball-simulator-1-000.md,,"In Baseball Simulator 1.000 you can choose from four different leagues; three with six preset teams each and one where you can build the teams yourself from scratch. Face the computer or challenge a friend to compete in a 5, 30, 60, or 165 game season. Games take place in six stadiums.  Support NEStalgia directly by becoming a member of our Patreon at https://www.patreon.com/Nestalgia Members at the $5 and above level get access to our brand new show NEStalgia Bytes. A look at the famicom games you can play without any Japanese knowledge! For More NEStalgia, visit www.NEStalgiacast.com"
episode,279,Astyanax,2023-06-30,3081,https://anchor.fm/s/5808ab8/podcast/play/72010999/https%3A%2F%2Fd3ctxlq1ktw2nl.cloudfront.net%2Fstaging%2F2023-5-12%2Fcc731ec0-f29f-c962-a73b-ed375dc2a833.mp3,https://podcasters.spotify.com/pod/show/nestalgia/episodes/279---Astyanax-e25k3pn,assets/episode-art/279-astyanax.jpg,episodes/279-astyanax.md,,"You are Astyanax, a sixteen year old boy that has the same dream night after night: A princess, calling for help. One afternoon, you are summoned to the world of Remnia by Cutie, a pixie, to save the realm's princess. You are the chosen one mentioned by their prophecies!  Support NEStalgia directly by becoming a member of our Patreon at https://www.patreon.com/Nestalgia Members at the $5 and above level get access to our brand new show NEStalgia Bytes. A look at the famicom games you can play without any Japanese knowledge! For More NEStalgia, visit www.NEStalgiacast.com"
episode,278,Al Unser Jr's Turbo Racing,2023-06-23,3150,https://traffic.megaphone.fm/APO1937193892.mp3,https://podcasters.spotify.com/pod/show/nestalgia/episodes/278---Al-Unser-Jrs-Turbo-Racing-e257rk1,assets/episode-art/278-al-unser-jrs-turbo-racing.jpg,episodes/278-al-unser-jrs-turbo-racing.md,,"Unlike its namesake, the IndyCar racer Al Unser Jr., this game depicts Formula 1 races. A season consists of sixteen races, each one consisting of unlimited practice, one qualifying lap and the real race (the starting position depends on the qualifying result). Of course the goal is to win the championship by having successful race results. Those results also change the amount of ""set-up points"", which represent the quality of the car, players can use before the next race.  Support NEStalgia directly by becoming a member of our Patreon at https://www.patreon.com/Nestalgia Members at the $5 and above level get access to our brand new show NEStalgia Bytes. A look at the famicom games you can play without any Japanese knowledge! For More NEStalgia, visit www.NEStalgiacast.com"
episode,277,The Adventures of Lolo 2,2023-06-16,3184,https://anchor.fm/s/5808ab8/podcast/play/71609183/https%3A%2F%2Fd3ctxlq1ktw2nl.cloudfront.net%2Fstaging%2F2023-5-5%2F4300623a-7453-7eea-cf53-e53df5641c6f.mp3,https://podcasters.spotify.com/pod/show/nestalgia/episodes/277---The-Adventures-of-Lolo-2-e257rcv,assets/episode-art/277-the-adventures-of-lolo-2.jpg,episodes/277-the-adventures-of-lolo-2.md,,"The faithful Lolo music at the end of this episode was created by Enter Rikkaari! Check them out on Spotify and Bandcamp!   Once again, the brave blue ball-like Lolo has to save the princess from the evil demons, who kidnapped her and imprisoned her in a high tower. Solve puzzles to proceed from room to room. Push tiles, eat hearts, turn green dragons into white eggs, and protect yourself from enemies firing at you and chasing you all over the room.  Support NEStalgia directly by becoming a member of our Patreon at https://www.patreon.com/Nestalgia Members at the $5 and above level get access to our brand new show NEStalgia Bytes. A look at the famicom games you can play without any Japanese knowledge! For More NEStalgia, visit www.NEStalgiacast.com"
episode,276,Abadox,2023-06-09,3738,https://anchor.fm/s/5808ab8/podcast/play/71609278/https%3A%2F%2Fd3ctxlq1ktw2nl.cloudfront.net%2Fstaging%2F2023-5-5%2F7bbc08a7-b9e8-1a26-a120-adfc2365fd43.mp3,https://podcasters.spotify.com/pod/show/nestalgia/episodes/276---Abadox-e257rfu,assets/episode-art/276-abadox.jpg,episodes/276-abadox.md,,"Somewhere in the galaxy, a huge alien space creature known as Parasitis travels between realms digesting its prey. The latest victim consumed by the alien entity is the planet Abadox. While trying to devour other planets by assuming the form of this planet, the World Alive Force (WAF) launches an all out assault on the alien life form. The player is a single soldier in this military operation.  Support NEStalgia directly by becoming a member of our Patreon at https://www.patreon.com/Nestalgia Members at the $5 and above level get access to our brand new show NEStalgia Bytes. A look at the famicom games you can play without any Japanese knowledge! For More NEStalgia, visit www.NEStalgiacast.com"
episode,275,Super Mario Bros. 3,2023-06-02,7198,https://anchor.fm/s/5808ab8/podcast/play/70431764/https%3A%2F%2Fd3ctxlq1ktw2nl.cloudfront.net%2Fstaging%2F2023-4-15%2Ffb2f5f40-0813-3a79-0017-d76cc2a151df.mp3,https://podcasters.spotify.com/pod/show/nestalgia/episodes/275---Super-Mario-Bros--3-e243tik,assets/episode-art/275-super-mario-bros-3.jpg,episodes/275-super-mario-bros-3.md,,"It's Super Mario Bros. 3  Support NEStalgia directly by becoming a member of our Patreon at https://www.patreon.com/Nestalgia Members at the $5 and above level get access to our brand new show NEStalgia Bytes. A look at the famicom games you can play without any Japanese knowledge! For More NEStalgia, visit www.NEStalgiacast.com"
episode,274,Super Spike VBall,2023-05-25,3049,https://anchor.fm/s/5808ab8/podcast/play/70426662/https%3A%2F%2Fd3ctxlq1ktw2nl.cloudfront.net%2Fstaging%2F2023-4-15%2Fd687482c-d0a7-7f35-a480-066f0336bb88.mp3,https://podcasters.spotify.com/pod/show/nestalgia/episodes/274---Super-Spike-VBall-e243oj6,assets/episode-art/274-super-spike-vball.jpg,episodes/274-super-spike-vball.md,,"Super Spike VBall challenges players to bump, set, and spike their way to a beach volleyball championship. Teams of two travel the USA and the world, visiting venues like Chicago, Los Angeles, Hawaii, and Australia. This game can be played by 1-4 players simultaneously, although on the NES a Satellite or Four Score device (and extra controllers) are required for three or four players.  Support NEStalgia directly by becoming a member of our Patreon at https://www.patreon.com/Nestalgia Members at the $5 and above level get access to our brand new show NEStalgia Bytes. A look at the famicom games you can play without any Japanese knowledge! For More NEStalgia, visit www.NEStalgiacast.com"
episode,273,Rollerball,2023-05-19,2338,https://anchor.fm/s/5808ab8/podcast/play/70142842/https%3A%2F%2Fd3ctxlq1ktw2nl.cloudfront.net%2Fstaging%2F2023-4-10%2F20ec1859-60da-4ec1-a006-217fada6c95e.mp3,https://podcasters.spotify.com/pod/show/nestalgia/episodes/273---Rollerball-e23r3dq,assets/episode-art/273-rollerball.jpg,episodes/273-rollerball.md,,"Rollerball is a pinball simulation for one to four players.  There are two different game variations included. The first is Skyscraper, which is a four screen tall pinball table where each player competes individually for the highest score. The second is called Matchplay. In this game two players compete against each other to see who can reduce his opponents score to zero first. Each player has a set of flippers and a ball in play, and points are awarded or taken away by hitting the various targets in the playfield.  Support NEStalgia directly by becoming a member of our Patreon at https://www.patreon.com/Nestalgia Members at the $5 and above level get access to our brand new show NEStalgia Bytes. A look at the famicom games you can play without any Japanese knowledge! For More NEStalgia, visit www.NEStalgiacast.com"
episode,272,Destination Earthstar,2023-05-12,2555,https://anchor.fm/s/5808ab8/podcast/play/69397746/https%3A%2F%2Fd3ctxlq1ktw2nl.cloudfront.net%2Fstaging%2F2023-3-27%2F024394a9-0f72-2a1b-f9e6-300398be8296.mp3,https://podcasters.spotify.com/pod/show/nestalgia/episodes/272---Destination-Earthstar-e234bpi,assets/episode-art/272-destination-earthstar.jpg,episodes/272-destination-earthstar.md,,"Two centuries ago, an alien species known as the Kojans kidnapped the people of Earth and made them their slaves. But the Earthlings never gave hope of returning to their homeland. So they sent you, a brave space ship pilot, to travel through the galaxy in search of the Earth. But beware, as the Kojans won't let you pass without a fight!  Support NEStalgia directly by becoming a member of our Patreon at https://www.patreon.com/Nestalgia Members at the $5 and above level get access to our brand new show NEStalgia Bytes. A look at the famicom games you can play without any Japanese knowledge! For More NEStalgia, visit www.NEStalgiacast.com"
episode,271,Dash Galaxy in the Alien Asylum,2023-05-05,1939,https://anchor.fm/s/5808ab8/podcast/play/69206219/https%3A%2F%2Fd3ctxlq1ktw2nl.cloudfront.net%2Fstaging%2F2023-3-24%2Fa0b1fa1e-879e-3f41-d11f-a1c5cb8c0637.mp3,https://podcasters.spotify.com/pod/show/nestalgia/episodes/271---Dash-Galaxy-in-the-Alien-Asylum-e22ugob,assets/episode-art/271-dash-galaxy-in-the-alien-asylum.jpg,episodes/271-dash-galaxy-in-the-alien-asylum.md,,"You are Dash Galaxy, a fearless space explorer. You have just landed on a strange, alien planet thousands of light years from Earth. Your mission is to make your way though the maze of rooms and return safely to your ship. To do this you will need to enter every room and collect all of the objects that can be found in it. Your oxygen supply is limited, though, so be sure to hurry!  Support NEStalgia directly by becoming a member of our Patreon at https://www.patreon.com/Nestalgia Members at the $5 and above level get access to our brand new show NEStalgia Bytes. A look at the famicom games you can play without any Japanese knowledge! For More NEStalgia, visit www.NEStalgiacast.com"
episode,270,Batman: The Video Game,2023-04-28,3115,https://anchor.fm/s/5808ab8/podcast/play/68705083/https%3A%2F%2Fd3ctxlq1ktw2nl.cloudfront.net%2Fstaging%2F2023-3-16%2F6ba88fec-69dc-f753-04fc-b9753389acb1.mp3,https://podcasters.spotify.com/pod/show/nestalgia/episodes/270---Batman-The-Video-Game-e22f7br,assets/episode-art/270-batman-the-video-game.jpg,episodes/270-batman-the-video-game.md,,"The NES version of Batman: The Video Game is loosely based on the 1989 movie. It is a side-scrolling game, with a blue dressed Batman fighting enemies such as robots, jet-packed soldiers, ninjas and mutants.  Support NEStalgia directly by becoming a member of our Patreon at https://www.patreon.com/Nestalgia Members at the $5 and above level get access to our brand new show NEStalgia Bytes. A look at the famicom games you can play without any Japanese knowledge! For More NEStalgia, visit www.NEStalgiacast.com"
episode,268,Top Players Tennis,2023-04-21,1966,https://anchor.fm/s/5808ab8/podcast/play/68705292/https%3A%2F%2Fd3ctxlq1ktw2nl.cloudfront.net%2Fstaging%2F2023-3-16%2F26173d6c-344c-7efb-ded0-3752c5f27049.mp3,https://podcasters.spotify.com/pod/show/nestalgia/episodes/268---Top-Players-Tennis-e22f7ic,assets/episode-art/268-top-players-tennis.jpg,episodes/268-top-players-tennis.md,,"The Australian Open, the French Open, Wimbledon, and the U.S. Open - the biggest names in tennis compete in these tournaments every year trying to win the coveted Grand Slam. So, why not you? Asmik's Top Players' Tennis let's you compete for the Grand Slam right along with the pros.  Support NEStalgia directly by becoming a member of our Patreon at https://www.patreon.com/Nestalgia Members at the $5 and above level get access to our brand new show NEStalgia Bytes. A look at the famicom games you can play without any Japanese knowledge! For More NEStalgia, visit www.NEStalgiacast.com"
episode,113,Adventure Island,2023-04-19,3226,https://anchor.fm/s/5808ab8/podcast/play/68880348/https%3A%2F%2Fd3ctxlq1ktw2nl.cloudfront.net%2Fstaging%2F2023-3-19%2Ff0a75721-b338-8041-ceab-3f7edc4abd20.mp3,https://podcasters.spotify.com/pod/show/nestalgia/episodes/113---Adventure-Island-e22kigs,assets/episode-art/113-adventure-island.jpg,episodes/113-adventure-island.md,,"It's finally here! After more than 2 years, Mike was finally able to  successfully retrieve the fabled lost episode of NEStalgia. Recorded  just 1 week before the pandemic was declared, this hard drive was  considered lost. NOW, Patrons have exclusive access to the lost episode  and a chance to hear Mike, Sean, and Joe before they lose their  innocence to the global pandemic!"
episode,269,Twin Cobra,2023-04-14,2723,https://anchor.fm/s/5808ab8/podcast/play/68550887/https%3A%2F%2Fd3ctxlq1ktw2nl.cloudfront.net%2Fstaging%2F2023-3-13%2F886cfb99-e444-0205-0caf-213194df4258.mp3,https://podcasters.spotify.com/pod/show/nestalgia/episodes/269---Twin-Cobra-e22agp7,assets/episode-art/269-twin-cobra.jpg,episodes/269-twin-cobra.md,,"Twin Cobra is a vertically scrolling shoot-em-up. You pilot the TC-17 Twin Cobra assault helicopter to fight the forces of Commander Anziga, the myopic leader of the nation of Kaban. Your job is to fly into Kaban and take out the entire military base of Commander Anziga.  Support NEStalgia directly by becoming a member of our Patreon at https://www.patreon.com/Nestalgia Members at the $5 and above level get access to our brand new show NEStalgia Bytes. A look at the famicom games you can play without any Japanese knowledge! For More NEStalgia, visit www.NEStalgiacast.com"
episode,267,Top Gun: The Second Mission,2023-04-07,2462,https://traffic.megaphone.fm/APO2185402225.mp3,https://podcasters.spotify.com/pod/show/nestalgia/episodes/267---Top-Gun-The-Second-Mission-e21un2d,assets/episode-art/267-top-gun-the-second-mission.jpg,episodes/267-top-gun-the-second-mission.md,,"Just like in the first game, you fly an F-14 Tomcat in combat against the enemy. The only plot of this game is to destroy everything you see, excluding the aircraft carrier to which you must land at the end of each level.  Support NEStalgia directly by becoming a member of our Patreon at https://www.patreon.com/Nestalgia Members at the $5 and above level get access to our brand new show NEStalgia Bytes. A look at the famicom games you can play without any Japanese knowledge! For More NEStalgia, visit www.NEStalgiacast.com"
episode,1,10-Yard Fight (Remastered),2023-04-01,1934,https://anchor.fm/s/5808ab8/podcast/play/67655015/https%3A%2F%2Fd3ctxlq1ktw2nl.cloudfront.net%2Fstaging%2F2023-2-31%2F6634c529-9c93-80f9-8a28-3aabbbf4ea38.mp3,https://podcasters.spotify.com/pod/show/nestalgia/episodes/001---10-Yard-Fight-Remastered-e21f5t7,assets/episode-art/001-10-yard-fight-remastered.jpg,episodes/001-10-yard-fight-remastered.md,,"You asked, we listened! We're remastering the NEStalgia podcast in higher fidelity!"
episode,266,Rock N Ball,2023-03-31,2941,https://anchor.fm/s/5808ab8/podcast/play/67654797/https%3A%2F%2Fd3ctxlq1ktw2nl.cloudfront.net%2Fstaging%2F2023-2-31%2F800f1421-0cea-3f46-3926-aafd29423bf3.mp3,https://podcasters.spotify.com/pod/show/nestalgia/episodes/266---Rock-N-Ball-e21f5md,assets/episode-art/266-rock-n-ball.jpg,episodes/266-rock-n-ball.md,,"Rock 'N' Ball is a pinball game with several gameplay options. The first is regular pinball game for one to four players. The second option is called nineball and the object is to shoot the balls into the playfield and have them land in the holes to form a bingo pattern (i.e. a vertical line, a horizontal line, etc.) This game is also for one to four players. Next is battle flipper. There is a set of flippers at both the top and bottom of the table, and two players try to knock the pinball past their opponents flippers. Lastly is sports pinball. In this game the pinball table is set up to look like a soccer or hockey field. Similar to battle flipper, each player tries to knock the pinball past their opponents goalie. There is only one flipper in this game, however you have a goalie to block shots and the flipper can be moved from side to side.  Support NEStalgia directly by becoming a member of our Patreon at https://www.patreon.com/Nestalgia Members at the $5 and above level get access to our brand new show NEStalgia Bytes. A look at the famicom games you can play without any Japanese knowledge! For More NEStalgia, visit www.NEStalgiacast.com"
episode,265,Roadblasters,2023-03-24,1773,https://anchor.fm/s/5808ab8/podcast/play/66886564/https%3A%2F%2Fd3ctxlq1ktw2nl.cloudfront.net%2Fstaging%2F2023-2-19%2F300b0b0b-3014-53fd-042f-461b7a288fbf.mp3,https://podcasters.spotify.com/pod/show/nestalgia/episodes/265---Roadblasters-e20nnf4,assets/episode-art/265-roadblasters.jpg,episodes/265-roadblasters.md,,"RoadBlasters is a futuristic racing action game. The goal is to reach the finish line in one piece throughout each of 50 levels. Numerous enemies are out on the road to try and stop you, including armored cars, motorcycles, cannons on the side of the road, landmines, and more.  Support NEStalgia directly by becoming a member of our Patreon at https://www.patreon.com/Nestalgia Members at the $5 and above level get access to our brand new show NEStalgia Bytes. A look at the famicom games you can play without any Japanese knowledge! For More NEStalgia, visit www.NEStalgiacast.com"
episode,264,River City Ransom,2023-03-17,3393,https://anchor.fm/s/5808ab8/podcast/play/66733232/https%3A%2F%2Fd3ctxlq1ktw2nl.cloudfront.net%2Fstaging%2F2023-2-17%2F2d1aef55-6c42-1ced-d2e9-b58c9185f545.mp3,https://podcasters.spotify.com/pod/show/nestalgia/episodes/264---River-City-Ransom-e20j1ng,assets/episode-art/264-river-city-ransom.jpg,episodes/264-river-city-ransom.md,,"The evil Slick has kidnapped Ryan's girlfriend and taken over the high school. The player is cast as either Ryan or Alex (second player) and has to fight his way through River City's merciless gangs before confronting Slick and freeing his girl.  Support NEStalgia directly by becoming a member of our Patreon at https://www.patreon.com/Nestalgia  Members at the $5 and above level get access to our brand new show NEStalgia Bytes. A look at the famicom games you can play without any Japanese knowledge! For More NEStalgia, visit www.NEStalgiacast.com"
episode,263,Rescue: The Embassy Mission,2023-03-10,2319,https://anchor.fm/s/5808ab8/podcast/play/65156322/https%3A%2F%2Fd3ctxlq1ktw2nl.cloudfront.net%2Fstaging%2F2023-1-16%2Fc1176cce-c03c-46f6-3a39-144e499f6ace.mp3,https://podcasters.spotify.com/pod/show/nestalgia/episodes/263---Rescue-The-Embassy-Mission-e1v2tp2,assets/episode-art/263-rescue-the-embassy-mission.jpg,episodes/263-rescue-the-embassy-mission.md,,"Terrorists have overrun an embassy and hold the people inside as hostages. You control six counter-terrorists whose mission is to eliminate the terrorists. In the first part of the game, you have to bring three men into position so they can snipe the building. The second part involves entering the building with the other three men to kill the terrorists and rescue the hostages. Depending on how well you positioned your snipers, you can use them to assist you on that mission.  Support NEStalgia directly by becoming a member of our Patreon at https://www.patreon.com/Nestalgia  Members at the $5 and above level get access to our brand new show NEStalgia Bytes. A look at the famicom games you can play without any Japanese knowledge! For More NEStalgia, visit www.NEStalgiacast.com"
episode,262,The Miracle Piano Teaching System,2023-03-03,3059,https://anchor.fm/s/5808ab8/podcast/play/66243227/https%3A%2F%2Fd3ctxlq1ktw2nl.cloudfront.net%2Fstaging%2F2023-2-9%2Fd69b87b5-a1a1-7efe-0ec8-0ed5c7bd3dee.mp3,https://podcasters.spotify.com/pod/show/nestalgia/episodes/262---The-Miracle-Piano-Teaching-System-e20436r,assets/episode-art/262-the-miracle-piano-teaching-system.jpg,episodes/262-the-miracle-piano-teaching-system.md,,"The Miracle Piano Teaching System teaches piano to beginning / intermediate players using a combination of scripted lessons, dynamically created lessons, and piano-themed video games."
episode,261,The Magic of Scheherazade,2023-02-24,3861,https://anchor.fm/s/5808ab8/podcast/play/65220297/https%3A%2F%2Fd3ctxlq1ktw2nl.cloudfront.net%2Fstaging%2F2023-1-17%2Fc7f5e5a2-014c-ae6b-fd4a-302ab9f554e6.mp3,https://podcasters.spotify.com/pod/show/nestalgia/episodes/261---The-Magic-of-Scheherazade-e1v4s89,assets/episode-art/261-the-magic-of-scheherazade.jpg,episodes/261-the-magic-of-scheherazade.md,,"The evil wizard Sabaron summoned a horde of demons to invade Arabia. One brave magician tried to fight Sabaron, but was trapped in the holes of time. This magician is you. Traveling through different time periods, you'll have to stop Sabaron's evil plans and to rescue the beautiful princess Scheherazade he kidnapped.  Support NEStalgia directly by becoming a member of our Patreon at https://www.patreon.com/Nestalgia  Members at the $5 and above level get access to our brand new show NEStalgia Bytes. A look at the famicom games you can play without any Japanese knowledge! For More NEStalgia, visit www.NEStalgiacast.com"
episode,260,Kings of the Beach,2023-02-17,2170,https://anchor.fm/s/5808ab8/podcast/play/64418323/https%3A%2F%2Fd3ctxlq1ktw2nl.cloudfront.net%2Fstaging%2F2023-1-2%2Fa89dcd4a-aa8a-b53d-9149-d6a35ca4e308.mp3,https://podcasters.spotify.com/pod/show/nestalgia/episodes/260---Kings-of-the-Beach-e1ucd2j,assets/episode-art/260-kings-of-the-beach.jpg,episodes/260-kings-of-the-beach.md,,"Kings of the Beach is a two on two beach volleyball game. You must quickly move your team about on the sand performing serves, thumps, and spikes to not only out-perform but also out-smart the opposing team.  Support NEStalgia directly by becoming a member of our Patreon at https://www.patreon.com/Nestalgia  Members at the $5 and above level get access to our brand new show NEStalgia Bytes. A look at the famicom games you can play without any Japanese knowledge! For More NEStalgia, visit www.NEStalgiacast.com"
episode,259,Infiltrator,2023-02-10,2585,https://anchor.fm/s/5808ab8/podcast/play/64418047/https%3A%2F%2Fd3ctxlq1ktw2nl.cloudfront.net%2Fstaging%2F2023-1-2%2F48c9aa38-3655-f792-ef82-b3f34f71e61b.mp3,https://podcasters.spotify.com/pod/show/nestalgia/episodes/259---Infiltrator-e1uccpv,assets/episode-art/259-infiltrator.jpg,episodes/259-infiltrator.md,,"JIMBO BABY!!!  Support NEStalgia directly by becoming a member of our Patreon at https://www.patreon.com/Nestalgia  Members at the $5 and above level get access to our brand new show NEStalgia Bytes. A look at the famicom games you can play without any Japanese knowledge! For More NEStalgia, visit www.NEStalgiacast.com"
episode,258,Genghis Kahn,2023-02-03,2230,https://anchor.fm/s/5808ab8/podcast/play/64185349/https%3A%2F%2Fd3ctxlq1ktw2nl.cloudfront.net%2Fstaging%2F2023-0-29%2Fab14bbcc-2b4c-0345-67b5-e058fbead651.mp3,https://podcasters.spotify.com/pod/show/nestalgia/episodes/258---Genghis-Kahn-e1u59i5,assets/episode-art/258-genghis-kahn.jpg,episodes/258-genghis-kahn.md,,"Genghis Khan is a top-down 2D turn-based grand strategy game, based on the real mongol leader Genghis Khan's life. The game's main objective is to become the supreme ruler.  Support NEStalgia directly by becoming a member of our Patreon at https://www.patreon.com/Nestalgia  Members at the $5 and above level get access to our brand new show NEStalgia Bytes. A look at the famicom games you can play without any Japanese knowledge! For More NEStalgia, visit www.NEStalgiacast.com"
episode,256,Demon Sword,2023-01-20,2002,https://anchor.fm/s/5808ab8/podcast/play/63529109/https%3A%2F%2Fd3ctxlq1ktw2nl.cloudfront.net%2Fstaging%2F2023-0-15%2Fad9326d1-b5e8-38f2-e195-f2248ce43365.mp3,https://podcasters.spotify.com/pod/show/nestalgia/episodes/256---Demon-Sword-e1th8ml,assets/episode-art/256-demon-sword.jpg,episodes/256-demon-sword.md,,"In Demon Sword you play the part of the noble fighter Victar. Victar carries with him a sword which was used long ago to defeat the evil Dark Fiend who took over the land. Now he is back, and Victar must use the sword to defeat him once again. The game is an arcade style platform game. You begin with just part of the demon sword, and after defeating a large monster at the end of each level an additional section of the sword is restored.  Support NEStalgia directly by becoming a member of our Patreon at https://www.patreon.com/Nestalgia  Members at the $5 and above level get access to our brand new show NEStalgia Bytes. A look at the famicom games you can play without any Japanese knowledge! For More NEStalgia, visit www.NEStalgiacast.com"
episode,255,Clash at Demonhead,2023-01-13,3903,https://anchor.fm/s/5808ab8/podcast/play/63354089/https%3A%2F%2Fd3ctxlq1ktw2nl.cloudfront.net%2Fstaging%2F2023-0-11%2F0adf5ccf-b86c-6d23-fc87-d51beef58834.mp3,https://podcasters.spotify.com/pod/show/nestalgia/episodes/255---Clash-at-Demonhead-e1tbtp9,assets/episode-art/255-clash-at-demonhead.jpg,episodes/255-clash-at-demonhead.md,,"Professor Plum and his designs for the ""doomsday device"", DEAD END have been taken by the diabolical LAWBREAKERS - a sinister group dedicated to the destruction of mankind. It's only a matter of time before the device is assembled and the final countdown begins.  Support NEStalgia directly by becoming a member of our Patreon at https://www.patreon.com/Nestalgia  Members at the $5 and above level get access to our brand new show NEStalgia Bytes. A look at the famicom games you can play without any Japanese knowledge! For More NEStalgia, visit www.NEStalgiacast.com"
episode,254,Chessmaster,2023-01-06,2476,https://anchor.fm/s/5808ab8/podcast/play/62791079/https%3A%2F%2Fd3ctxlq1ktw2nl.cloudfront.net%2Fstaging%2F2022-11-28%2Ff87a08ff-fbc3-ffef-2403-52dafc2e6145.mp3,https://podcasters.spotify.com/pod/show/nestalgia/episodes/254---Chessmaster-e1sqnv7,assets/episode-art/254-chessmaster.jpg,episodes/254-chessmaster.md,,"The Chessmaster is a game where the player has the chance to play against the CPU controlled Chessmaster at a standard game of chess.   Support NEStalgia directly by becoming a member of our Patreon at https://www.patreon.com/Nestalgia  Members at the $5 and above level get access to our brand new show NEStalgia Bytes. A look at the famicom games you can play without any Japanese knowledge! For More NEStalgia, visit www.NEStalgiacast.com"
episode,253,A Boy and His Blob,2022-12-30,2505,https://anchor.fm/s/5808ab8/podcast/play/62301508/https%3A%2F%2Fd3ctxlq1ktw2nl.cloudfront.net%2Fstaging%2F2022-11-16%2F303461407-44100-2-04c78a87e7bec.m4a,https://podcasters.spotify.com/pod/show/nestalgia/episodes/253---A-Boy-and-His-Blob-e1sbps4,assets/episode-art/253-a-boy-and-his-blob.jpg,episodes/253-a-boy-and-his-blob.md,,"In this unique Platform/Puzzle game you take control of a boy who has to help a blob getting to his home planet. It isn't a conventional Platformer, as the boy cannot jump or attack enemies. Instead, the Blob can be fed with different kinds of jellybeans, which will transform him into various objects. He can be used as a ladder, a bridge or a trampoline, turned into an umbrella to slow down the boy's fall or shield him from falling objects, into a bubble to let the boy swim and breathe underwater, a blow torch to burn certain obstacles or even a bird which enables him to follow the boy everywhere. There's total of 12 different shapes the blob can take on, all of which can be used to freely explore the game world.  Support NEStalgia directly by becoming a member of our Patreon at https://www.patreon.com/Nestalgia  Members at the $5 and above level get access to our brand new show NEStalgia Bytes. A look at the famicom games you can play without any Japanese knowledge! For More NEStalgia, visit www.NEStalgiacast.com"
episode,252,Bases Loaded II - The Second Season,2022-12-23,2573,https://anchor.fm/s/5808ab8/podcast/play/62301419/https%3A%2F%2Fd3ctxlq1ktw2nl.cloudfront.net%2Fstaging%2F2022-11-16%2F62836eb3-1d23-e1ad-5f9c-d505c2a95cf0.mp3,https://podcasters.spotify.com/pod/show/nestalgia/episodes/252---Bases-Loaded-II---The-Second-Season-e1sbppb,assets/episode-art/252-bases-loaded-ii-the-second-season.jpg,episodes/252-bases-loaded-ii-the-second-season.md,,"In this version of Bases Loaded you coach your team through a 130-game season in either an Eastern or western division of a professional baseball league. Win the pennant and you're off to the World Series! You can also play head-to-head with a friend.  Support NEStalgia directly by becoming a member of our Patreon at https://www.patreon.com/Nestalgia  Members at the $5 and above level get access to our brand new show NEStalgia Bytes. A look at the famicom games you can play without any Japanese knowledge! For More NEStalgia, visit www.NEStalgiacast.com"
episode,251,8 Eyes,2022-12-16,3230,https://traffic.megaphone.fm/APO7725590258.mp3,https://podcasters.spotify.com/pod/show/nestalgia/episodes/251---8-Eyes-e1s8hul,assets/episode-art/251-8-eyes.jpg,episodes/251-8-eyes.md,,"8 Eyes chronicles the adventures of Orin, the falconer, who must visit 8 different houses in 8 different lands and defeat 8 different guardians in order to collect 8 different jewels called eyes. It is a side-scrolling action/adventure game where the lead character can attack with a sword of somewhat limited reach. However, that is not the most powerful tool at his disposal - Orin also has his trusty falcon that he can send around the room to attack enemies or trigger remote switches.  Support NEStalgia directly by becoming a member of our Patreon at https://www.patreon.com/Nestalgia  Members at the $5 and above level get access to our brand new show NEStalgia Bytes. A look at the famicom games you can play without any Japanese knowledge! For More NEStalgia, visit www.NEStalgiacast.com"
special,6,THE BEST OF 1989,2022-12-09,6777,https://anchor.fm/s/5808ab8/podcast/play/61890794/https%3A%2F%2Fd3ctxlq1ktw2nl.cloudfront.net%2Fstaging%2F2022-11-8%2F283b994d-d638-b8f5-ab57-eeaff9148b26.mp3,https://podcasters.spotify.com/pod/show/nestalgia/episodes/S06---THE-BEST-OF-1989-e1rv8pa,assets/episode-art/s006-the-best-of-1989.jpg,episodes/specials/s006-best-of-1989.md; episodes/specials/s006-best-of-1990.md,,"Support NEStalgia directly by becoming a member of our Patreon at https://www.patreon.com/Nestalgia  Members at the $5 and above level get access to our brand new show NEStalgia Bytes. A look at the famicom games you can play without any Japanese knowledge! For More NEStalgia, visit www.NEStalgiacast.com  To see the NEW Essential Games List, check out the website later this weekend!"
episode,250,Willow,2022-12-02,4031,https://traffic.megaphone.fm/APO2553016640.mp3,https://podcasters.spotify.com/pod/show/nestalgia/episodes/250---Willow-e1r1325,assets/episode-art/250-willow.jpg,episodes/250-willow.md,,"Willow is an action RPG based on the movie with the same name. The player assumes the role of Willow, the chosen one who must restore human form to the benevolent sorceress Fin Raziel and destroy the evil sorceress, Bavmorda. While the game follows the movie's plot somewhat most of the time, it also expands on it and introduces characters, races and enemies not found in the movie.  Support NEStalgia directly by becoming a member of our Patreon at https://www.patreon.com/Nestalgia  Members at the $5 and above level get access to our brand new show NEStalgia Bytes. A look at the famicom games you can play without any Japanese knowledge! For More NEStalgia, visit www.NEStalgiacast.com"
episode,249,The Uncanny X-Men,2022-11-25,3382,https://traffic.megaphone.fm/APO1272320733.mp3,https://podcasters.spotify.com/pod/show/nestalgia/episodes/249---The-Uncanny-X-Men-e1r02cs,assets/episode-art/249-the-uncanny-x-men.jpg,episodes/249-the-uncanny-x-men.md,,"Professor Xavier and his Uncanny X-Men are all that stand in the way of the rampage of Magneto and his henchmen. The X-Men: Wolverine, Cyclops, Storm, Colossus, Iceman and Nightcrawler, are ready to fight Magneto.  Support NEStalgia directly by becoming a member of our Patreon at https://www.patreon.com/Nestalgia  Members at the $5 and above level get access to our brand new show NEStalgia Bytes. A look at the famicom games you can play without any Japanese knowledge! For More NEStalgia, visit www.NEStalgiacast.com"
episode,248,Silent Service,2022-11-18,4201,https://traffic.megaphone.fm/APO8460269120.mp3,https://podcasters.spotify.com/pod/show/nestalgia/episodes/248---Silent-Service-e1q763i,assets/episode-art/248-silent-service.jpg,episodes/248-silent-service.md,,"You are now a member of the Silent Service, the US Navy Submarine command. For a long while after Pearl Harbor, you are the only forces capable of striking back at the Japanese in the Pacific. Take one of the ""fleet boats"" and go on extended patrols of up to 2 months from Hawaii, Australia, or New Zealand. Set your difficulty/realism level and time period (early means less tech for juicier targets, later means tougher escorts, more tech, lousier targets). Contend with factors like dud torpedoes, maximum depth, and more.  Support NEStalgia directly by becoming a member of our Patreon at https://www.patreon.com/Nestalgia  Members at the $5 and above level get access to our brand new show NEStalgia Bytes. A look at the famicom games you can play without any Japanese knowledge! For More NEStalgia, visit www.NEStalgiacast.com"
episode,247,Short Order / Eggsplode,2022-11-11,2635,https://traffic.megaphone.fm/APO7363815432.mp3,https://podcasters.spotify.com/pod/show/nestalgia/episodes/247---Short-Order--Eggsplode-e1p8k09,assets/episode-art/247-short-order-eggsplode.jpg,episodes/247-short-order-eggsplode.md,,"""Short Order"", is a Simon-like game in which you are given an order and need to make the burger exactly as the order says. ""Eggsplode"" is a game in which you must destroy bombs that a fox is placing underneath chicken nests before they explode without destroying the chickens or their eggs.  Support NEStalgia directly by becoming a member of our Patreon at https://www.patreon.com/Nestalgia  Members at the $5 and above level get access to our brand new show NEStalgia Bytes. A look at the famicom games you can play without any Japanese knowledge! For More NEStalgia, visit www.NEStalgiacast.com"
episode,246,Shadowgate,2022-11-04,4773,https://traffic.megaphone.fm/APO5113394086.mp3,https://podcasters.spotify.com/pod/show/nestalgia/episodes/246---Shadowgate-e1pvqj6,assets/episode-art/246-shadowgate.jpg,episodes/246-shadowgate.md,,"Shadowgate is an adventure game set in a fantasy world. Players take the part of an adventurer sent to the ancient keep of Shadowgate on a quest to find a mystic artifact known as the Staff of Ages and stop the evil Warlock Lord from summoning a horrific demon known as the Behemoth. However, Shadowgate has become infested with the Warlock Lord's demonic minions, not to mention the castle's still functional booby-traps.  Support NEStalgia directly by becoming a member of our Patreon at https://www.patreon.com/Nestalgia  Members at the $5 and above level get access to our brand new show NEStalgia Bytes. A look at the famicom games you can play without any Japanese knowledge! For More NEStalgia, visit www.NEStalgiacast.com"
episode,245,RoboCop,2022-10-28,2716,https://anchor.fm/s/5808ab8/podcast/play/59051313/https%3A%2F%2Fd3ctxlq1ktw2nl.cloudfront.net%2Fstaging%2F2022-9-14%2Fcdabbac5-8a53-3561-2c63-17fcb5bbdb87.mp3,https://podcasters.spotify.com/pod/show/nestalgia/episodes/245---RoboCop-e1p8jrh,assets/episode-art/245-robocop.jpg,episodes/245-robocop.md,,"RoboCop is a side-scrolling action game that consists of six stages. These six assignments include locations at the streets of Old Detroit, city hall, a warehouse, O.C.P. headquarters, the steelworks, and the board room. RoboCop dispatches his enemies with punches and a handgun (a special issue Auto-9) that has an infinite amount of ammo. RoboCop is not invincible though, as he can only take so many hits before his power runs out.  Support NEStalgia directly by becoming a member of our Patreon at https://www.patreon.com/Nestalgia  Members at the $5 and above level get access to our brand new show NEStalgia Bytes. A look at the famicom games you can play without any Japanese knowledge! For More NEStalgia, visit www.NEStalgiacast.com"
episode,244,Knight Rider,2022-10-21,3523,https://anchor.fm/s/5808ab8/podcast/play/59210537/https%3A%2F%2Fd3ctxlq1ktw2nl.cloudfront.net%2Fstaging%2F2022-9-17%2F5f19a334-7f50-1365-8a12-c1fca17303e2.mp3,https://podcasters.spotify.com/pod/show/nestalgia/episodes/244---Knight-Rider-e1pdfb9,assets/episode-art/244-knight-rider.jpg,episodes/244-knight-rider.md,,"Based on the television show of the same name, Michael Knight and his special talking car K.I.T.T, aka the Knight Industries Two Thousand, are contacted by Devon with another mission. A U.S. military site has been raided and the P.I.V. bomb stolen by terrorists. By following their projected route, KITT and Michael must race across the roadways of the United States.  Support NEStalgia directly by becoming a member of our Patreon at https://www.patreon.com/Nestalgia  Members at the $5 and above level get access to our brand new show NEStalgia Bytes. A look at the famicom games you can play without any Japanese knowledge! For More NEStalgia, visit www.NEStalgiacast.com"
episode,243,Ironsword: Wizards & Warriors II,2022-10-14,3564,https://traffic.megaphone.fm/APO1361745354.mp3,https://podcasters.spotify.com/pod/show/nestalgia/episodes/243---Ironsword-Wizards--Warriors-II-e1ooa8f,assets/episode-art/243-ironsword-wizards-warriors-ii.jpg,episodes/243-ironsword-wizards-warriors-ii.md,,"The mighty warrior Kuros has defeated the evil wizard Malkil in the previous game. However, Malkil did not perish, and has now taken the shape of the four elements: water, wind, air and fire.  Support NEStalgia directly by becoming a member of our Patreon at https://www.patreon.com/Nestalgia  Members at the $5 and above level get access to our brand new show NEStalgia Bytes. A look at the famicom games you can play without any Japanese knowledge! For More NEStalgia, visit www.NEStalgiacast.com"
episode,242,Dig Dug II: Trouble in Paradise,2022-10-07,1743,https://anchor.fm/s/5808ab8/podcast/play/58511669/https%3A%2F%2Fd3ctxlq1ktw2nl.cloudfront.net%2Fstaging%2F2022-9-3%2Fdb003925-05fa-d3ef-9f9c-2804be00e7c8.mp3,https://podcasters.spotify.com/pod/show/nestalgia/episodes/242---Dig-Dug-II-Trouble-in-Paradise-e1oo4rl,assets/episode-art/242-dig-dug-ii-trouble-in-paradise.jpg,episodes/242-dig-dug-ii-trouble-in-paradise.md,,"It is Dig Dug's job to protect 72 different tropical islands from his arch rivals, Pooka and the fire breathing Fygar. Played from an overhead point of view.  Support NEStalgia directly by becoming a member of our Patreon at https://www.patreon.com/Nestalgia  Members at the $5 and above level get access to our brand new show NEStalgia Bytes. A look at the famicom games you can play without any Japanese knowledge! For More NEStalgia, visit www.NEStalgiacast.com"
episode,241,Cybernoid: The Fighting Machine,2022-09-30,2060,https://traffic.megaphone.fm/APO7831304596.mp3,https://podcasters.spotify.com/pod/show/nestalgia/episodes/241---Cybernoid-The-Fighting-Machine-e1od5if,assets/episode-art/241-cybernoid-the-fighting-machine.jpg,episodes/241-cybernoid-the-fighting-machine.md,,"There are three asteroids, hidden among thousands, where various  minerals and precious gems were stored. It was believed the riches would  be safe there, until the Zoggians discovered them! Now you have to fly  an experimental spacefighter, the Cybernoid, into battle to recover the  asteroids. The Cybernoid is equipped with standard laser blasters,  missiles, and the ability to pick up other weapons along the way."
episode,240,Championship Bowling,2022-09-23,2259,https://anchor.fm/s/5808ab8/podcast/play/57685281/https%3A%2F%2Fd3ctxlq1ktw2nl.cloudfront.net%2Fstaging%2F2022-8-16%2F03414bcc-b8e0-5549-9486-8a67552e0b92.mp3,https://podcasters.spotify.com/pod/show/nestalgia/episodes/240---Championship-Bowling-e1nutr1,assets/episode-art/240-championship-bowling.jpg,episodes/240-championship-bowling.md,,"Championship Bowling plays like a standard 10 frame ten-pin bowling game with the objective to knock down as many pins with the bowling ball as possible.  Support NEStalgia directly by becoming a member of our Patreon at https://www.patreon.com/Nestalgia  Members at the $5 and above level get access to our brand new show NEStalgia Bytes. A look at the famicom games you can play without any Japanese knowledge! For More NEStalgia, visit www.NEStalgiacast.com  Show Notes  Longplay  Wii Bowling  Scary Bowling Animations  How to Oil a Bowling Lane"
episode,239,The Battle of Olympus,2022-09-16,3912,https://traffic.megaphone.fm/APO3755876830.mp3,https://podcasters.spotify.com/pod/show/nestalgia/episodes/239---The-Battle-of-Olympus-e1nijmr,assets/episode-art/239-the-battle-of-olympus.jpg,episodes/239-the-battle-of-olympus.md,,"The Battle of Olympus is an action game with light role-playing elements. It is set in ancient Greece and casts the player in the role of Orpheus, whose girlfriend, Helene, has been kidnapped by the demonic ruler of the netherworld called Hades. Orpheus must consult the powerful gods and have their help in order to defeat Hades and free Helene.  Support NEStalgia directly by becoming a member of our Patreon at https://www.patreon.com/Nestalgia  Members at the $5 and above level get access to our brand new show NEStalgia Bytes. A look at the famicom games you can play without any Japanese knowledge! For More NEStalgia, visit www.NEStalgiacast.com"
episode,238,Archon,2022-09-09,3330,https://anchor.fm/s/5808ab8/podcast/play/57244064/https%3A%2F%2Fd3ctxlq1ktw2nl.cloudfront.net%2Fstaging%2F2022-8-8%2F36768b14-de7d-c3c2-3123-22c65d29c1d8.mp3,https://podcasters.spotify.com/pod/show/nestalgia/episodes/238---Archon-e1nhev0,assets/episode-art/238-archon.jpg,episodes/238-archon.md,,"There's a board. There are pieces with varying powers, squares to move into and an opponent to conquer. But the squares keep changing. And once you decide where to attack, the board explodes into a battlefield.  Support NEStalgia directly by becoming a member of our Patreon at https://www.patreon.com/Nestalgia  Members at the $5 and above level get access to our brand new show NEStalgia Bytes. A look at the famicom games you can play without any Japanese knowledge! For More NEStalgia, visit www.NEStalgiacast.com  SHOW NOTES  Archon  Archon II: Adept  Chess  Chess 2  Quidditch"
episode,237,All-Pro Basketball,2022-09-02,2332,https://anchor.fm/s/5808ab8/podcast/play/56812686/https%3A%2F%2Fd3ctxlq1ktw2nl.cloudfront.net%2Fstaging%2F2022-7-29%2F9e31b59d-c84a-09b5-1b44-c5fd5ca3f33d.mp3,https://podcasters.spotify.com/pod/show/nestalgia/episodes/237---All-Pro-Basketball-e1n49me,assets/episode-art/237-all-pro-basketball.jpg,episodes/237-all-pro-basketball.md,,"You’re just a basket away from victory. There are only seconds remaining in the game, and you’ve got the ball. But you’re facing a tough zone defense that’s bent on keeping you from scoring.  Support NEStalgia directly by becoming a member of our Patreon at https://www.patreon.com/Nestalgia  Members at the $5 and above level get access to our brand new show NEStalgia Bytes. A look at the famicom games you can play without any Japanese knowledge! For More NEStalgia, visit www.NEStalgiacast.com  SHOW NOTES  All-Pro Basketball Longplay  Double Dribble  Jordan V Bird  Hoops  Portopia Serial Murder Case"
episode,236,To The Earth,2022-08-26,2928,https://anchor.fm/s/5808ab8/podcast/play/56650507/https%3A%2F%2Fd3ctxlq1ktw2nl.cloudfront.net%2Fstaging%2F2022-7-25%2F39d3dd74-da4b-d4fc-077a-f62504661604.mp3,https://podcasters.spotify.com/pod/show/nestalgia/episodes/236---To-The-Earth-e1mvbab,assets/episode-art/236-to-the-earth.jpg,episodes/236-to-the-earth.md,,"Use your Zapper Light Gun to Blast Deadly UFO’s Hurling Meteors, and Angry Aliens on a Cosmic Battlefield!  Support NEStalgia directly by becoming a member of our Patreon at https://www.patreon.com/Nestalgia  Members at the $5 and above level get access to our brand new show NEStalgia Bytes. A look at the famicom games you can play without any Japanese knowledge! For More NEStalgia, visit www.NEStalgiacast.com  SHOW NOTES  To The Earth  Cirque Verte  Nester  Gun.Smoke  Gumshoe  Cowboys vs Planes"
episode,235,Tetris,2022-08-19,3672,https://traffic.megaphone.fm/APO8602611751.mp3,https://podcasters.spotify.com/pod/show/nestalgia/episodes/235---Tetris-e1mkn85,assets/episode-art/235-tetris.jpg,episodes/235-tetris.md,,"This version of Tetris is one of many conversions of the famous block-stacking game, as well as the best-known (but not the only) version on Nintendo's first home console. The goal is to place pieces made up of four tiles in a ten-by-twenty well, organizing them into complete rows, which disappear. As rows are cleared, the pace of the game increases, and the game ends if the stack reaches the top of the well.  Support NEStalgia directly by becoming a member of our Patreon at https://www.patreon.com/Nestalgia  Members at the $5 and above level get access to our brand new show NEStalgia Bytes. A look at the famicom games you can play without any Japanese knowledge! For More NEStalgia, visit www.NEStalgiacast.com  SHOW NOTES  Tetris Longplay  Tengen Tetris  Famicom Tetris (Bulletproof)  Tetris NES Commercial"
episode,234,720 Degrees,2022-08-12,2387,https://anchor.fm/s/5808ab8/podcast/play/56011615/https%3A%2F%2Fd3ctxlq1ktw2nl.cloudfront.net%2Fstaging%2F2022-7-10%2F3b313a58-2100-7c8e-2c14-858c3ac32510.mp3,https://podcasters.spotify.com/pod/show/nestalgia/episodes/234---720-Degrees-e1mbrcv,assets/episode-art/234-720-degrees.jpg,episodes/234-720-degrees.md,,"You're a skateboarder in Skate City, one of the largest skateparks ever built. Ollie off of ramps, grind on rails, and swerve past pedestrians as you bust out tricks.  Support NEStalgia directly by becoming a member of our Patreon at https://www.patreon.com/Nestalgia  Members at the $5 and above level get access to our brand new show NEStalgia Bytes. A look at the famicom games you can play without any Japanese knowledge! For More NEStalgia, visit www.NEStalgiacast.com"
episode,233,Wheel of Fortune Junior Edition,2022-08-05,1865,https://anchor.fm/s/5808ab8/podcast/play/55742627/https%3A%2F%2Fd3ctxlq1ktw2nl.cloudfront.net%2Fstaging%2F2022-7-4%2F09d622b3-7750-8155-9b5f-e2c0c1c6451b.mp3,https://podcasters.spotify.com/pod/show/nestalgia/episodes/233---Wheel-of-Fortune-Junior-Edition-e1m3kn3,assets/episode-art/233-wheel-of-fortune-junior-edition.jpg,,,"Support NEStalgia directly by becoming a member of our Patreon at https://www.patreon.com/Nestalgia  Members at the $5 and above level get access to our brand new show NEStalgia Bytes. A look at the famicom games you can play without any Japanese knowledge! For More NEStalgia, visit www.NEStalgiacast.com  SHOW NOTES  Longplay  Previous Wheel of Fortune episode  Wheel of Fortune Junior Edition Box Art  Wheel of Fortune Family Edition Box Art  Vanna touching the letters"
episode,232,Twin Eagle,2022-07-29,1908,https://anchor.fm/s/5808ab8/podcast/play/54481067/https%3A%2F%2Fd3ctxlq1ktw2nl.cloudfront.net%2Fstaging%2F2022-6-6%2F1476b6ad-4604-afe1-6aba-f832922d074f.mp3,https://podcasters.spotify.com/pod/show/nestalgia/episodes/232---Twin-Eagle-e1kt4nb,assets/episode-art/232-twin-eagle.jpg,episodes/232-twin-eagle.md,,"Twin Eagle is a vertically scrolling arcade style shooter. You control a helicopter, and need to earn points by shooting or bombing the various (and numerous!) enemies you'll encounter. Planes, helicopters, tanks, anti-aircraft guns, foot soldiers, and more will all be trying to bring your mission to an abrupt end!  Support NEStalgia directly by becoming a member of our Patreon at https://www.patreon.com/Nestalgia  Members at the $5 and above level get access to our brand new show NEStalgia Bytes. A look at the famicom games you can play without any Japanese knowledge! For More NEStalgia, visit www.NEStalgiacast.com  SHOW NOTES  Longplay  Australia Version  Arcade Game  The Rescue Mission  Digitized Photos"
episode,231,The Three Stooges,2022-07-22,2185,https://anchor.fm/s/5808ab8/podcast/play/54486712/https%3A%2F%2Fd3ctxlq1ktw2nl.cloudfront.net%2Fstaging%2F2022-6-6%2F051d4496-e0d3-1278-1697-5b70ea77fb59.mp3,https://podcasters.spotify.com/pod/show/nestalgia/episodes/231---The-Three-Stooges-e1kta7o,assets/episode-art/231-the-three-stooges.jpg,episodes/231-the-three-stooges.md,,"Stars of television and cinema, and now stars of their own video game. Join Moe, Larry & Curly (in no particular order) who must collect $5000 to try and save an orphanage and the young children who live there from the evil banker, all while keeping pie out of their face. Featuring platform level designs based on classic Stooge scenes from their many TV episodes and movies and level objectives re-living many of their antics plus original Stooge voices and Stooge trivia.  Support NEStalgia directly by becoming a member of our Patreon at https://www.patreon.com/Nestalgia  Members at the $5 and above level get access to our brand new show NEStalgia Bytes. A look at the famicom games you can play without any Japanese knowledge! For More NEStalgia, visit www.NEStalgiacast.com  Show Notes  Longplay  GBA Version  Cancelled GB Version  PSX Version  Wario Ware  Defender of the Crown Opening"
episode,230,Stealth ATF,2022-07-15,2512,https://anchor.fm/s/5808ab8/podcast/play/53590601/https%3A%2F%2Fd3ctxlq1ktw2nl.cloudfront.net%2Fstaging%2F2022-5-16%2Ff3db1f5c-ddda-db52-58b0-04955f929c7f.mp3,https://podcasters.spotify.com/pod/show/nestalgia/episodes/230---Stealth-ATF-e1k1v49,assets/episode-art/230-stealth-atf.jpg,episodes/230-stealth-atf.md,,"Stealth ATF is a flight simulator in which you pilot a F-117A, a.k.a. Nighthawk in several missions.  In every mission's beginning and ending the player has to take off and land the plane respectively, from a side view. Failing to land after completing the target objectives means failing to succeed in mission and thus having to replay it.  Support NEStalgia directly by becoming a member of our Patreon at https://www.patreon.com/Nestalgia  Members at the $5 and above level get access to our brand new show NEStalgia Bytes. A look at the famicom games you can play without any Japanese knowledge! For More NEStalgia, visit www.NEStalgiacast.com  Show Notes  Longplay  Lockheed F-117 Nighthawk  F-35  Top Gun Gameplay  Imagineering  Disney Imagineering"
episode,229,Romance of the Three Kingdoms,2022-07-08,2745,https://anchor.fm/s/5808ab8/podcast/play/53858596/https%3A%2F%2Fd3ctxlq1ktw2nl.cloudfront.net%2Fstaging%2F2022-5-22%2Fcaeab042-6976-3a77-aeb0-a8f0e6e79d3e.mp3,https://podcasters.spotify.com/pod/show/nestalgia/episodes/229---Romance-of-the-Three-Kingdoms-e1ka4r4,assets/episode-art/229-romance-of-the-three-kingdoms.jpg,episodes/229-romance-of-the-three-kingdoms.md,,"Based on the events of the Three Kingdoms era in China (3rd century), and on Luo Guanzhong's famous novel Sanguo Yanyi, the game casts the player in the role of one of the many warlords rivaling for control after the Yellow Turban Rebellion.  Support NEStalgia directly by becoming a member of our Patreon at https://www.patreon.com/Nestalgia  Members at the $5 and above level get access to our brand new show NEStalgia Bytes. A look at the famicom games you can play without any Japanese knowledge! For More NEStalgia, visit www.NEStalgiacast.com  SHOW NOTES  Longplay  Beginner's Guide to this Game  Nobunaga Episode  The Book Series  Romance Of The Three Kingdoms XI"
episode,228,Jeopardy Junior Edition,2022-07-01,1946,https://anchor.fm/s/5808ab8/podcast/play/53529129/https%3A%2F%2Fd3ctxlq1ktw2nl.cloudfront.net%2Fstaging%2F2022-5-15%2F271820087-44100-2-e98b62b3dec06.m4a,https://podcasters.spotify.com/pod/show/nestalgia/episodes/228---Jeopardy-Junior-Edition-e1k0339,assets/episode-art/228-jeopardy-junior-edition.jpg,episodes/228-jeopardy-junior-edition.md,,"A conversion of the popular TV game show for younger players ages 7 and up. Up to three players can take part in the three-round trivia contest where the answers are given and the contestants must supply the correct question.  Support NEStalgia directly by becoming a member of our Patreon at https://www.patreon.com/Nestalgia  Members at the $5 and above level get access to our brand new show NEStalgia Bytes. A look at the famicom games you can play without any Japanese knowledge! For More NEStalgia, visit www.NEStalgiacast.com  SHOW NOTES  NES Longplay  Checkout Lane  James Holzhauer  Ken Jennings Host  Aaron Rodgers Host  Clip Show"
episode,227,Godzilla: Monster of Monsters,2022-06-24,3390,https://anchor.fm/s/5808ab8/podcast/play/53521408/https%3A%2F%2Fd3ctxlq1ktw2nl.cloudfront.net%2Fstaging%2F2022-5-24%2F76bc9867-ffc4-129e-efdd-5968fa5ac767.mp3,https://podcasters.spotify.com/pod/show/nestalgia/episodes/227---Godzilla-Monster-of-Monsters-e1jvri0,assets/episode-art/227-godzilla-monster-of-monsters.jpg,episodes/227-godzilla-monster-of-monsters.md,,"In the year 2XXX A.D., Earth is under attack from the aliens of Planet X. Armed with monsters of terrible destructive force, the invaders establish bases on every planet of the solar system. These monsters include the foes Gezora, Moguera, Baragon, Varan, Hedorah, Gigan, Mecha-Godzilla and King Ghidora. To combat the menace, Earth sends two of it's own monsters, Godzilla and Mothra, in order to drive back the invaders of Planet X.  Support NEStalgia directly by becoming a member of our Patreon at https://www.patreon.com/Nestalgia  Members at the $5 and above level get access to our brand new show NEStalgia Bytes. A look at the famicom games you can play without any Japanese knowledge! For More NEStalgia, visit www.NEStalgiacast.com  SHOW NOTES  NES Longplay  Godzilla 2  Godzilla GB  Godzilla Destroy All Monsters Melee  Godzilla Creepypasta  Kyoei Toshi Gameplay  Godzilla VS Tree  Godzilla Dropkick"
episode,226,Goal!,2022-06-17,3138,https://anchor.fm/s/5808ab8/podcast/play/53157767/https%3A%2F%2Fd3ctxlq1ktw2nl.cloudfront.net%2Fstaging%2F2022-5-7%2F1c680e0e-4299-caf7-4744-82bfb25fe77a.mp3,https://podcasters.spotify.com/pod/show/nestalgia/episodes/226---Goal-e1jkoe7,assets/episode-art/226-goal.jpg,episodes/226-goal.md,,"Goal! is a soccer game for one player against the computer, two players against each other, or two players against the computer. Gameplay is from an angled overhead point of view, with the screen scrolling to follow the action. Several game options are available, including tournament mode, world cup mode, and a goal shooting competition.   Support NEStalgia directly by becoming a member of our Patreon at https://www.patreon.com/Nestalgia  Members at the $5 and above level get access to our brand new show NEStalgia Bytes. A look at the famicom games you can play without any Japanese knowledge! For More NEStalgia, visit www.NEStalgiacast.com  Show Notes  Goal! Longplay  Goal! Two  Goal! (SNES)  NES Soccer Episode  Mobygames list of Soccer games  Fifa   Winning Eleven  Winning Eleven Seven"
episode,225,Casino Kid,2022-06-10,2539,https://traffic.megaphone.fm/APO5552444882.mp3,https://podcasters.spotify.com/pod/show/nestalgia/episodes/225---Casino-Kid-e1jc4s7,assets/episode-art/225-casino-kid.jpg,episodes/225-casino-kid.md,,"You are Casino Kid, a nameless youth who has 500$ in his pocket and is ready to face the best poker and blackjack players in the casino to increase this amount significantly. You move around a large casino room and talk to people. Some people will just chat with you, while others will challenge you to a game: either blackjack or poker. In the beginning, most people won't agree to play with you. You'll have to defeat the opponents in a particular order in order to be able to win all blackjack and poker games and to face the Final Opponent.  Support NEStalgia directly by becoming a member of our Patreon at https://www.patreon.com/Nestalgia  Members at the $5 and above level get access to our brand new show NEStalgia Bytes. A look at the famicom games you can play without any Japanese knowledge! For More NEStalgia, visit www.NEStalgiacast.com  Show Notes  Casino Kid Longplay  $1,000,000 Kid Longplay  $1,000,000 Kid Manga"
episode,224,Who Framed Roger Rabbit?,2022-06-03,3458,https://traffic.megaphone.fm/APO6246578236.mp3,https://podcasters.spotify.com/pod/show/nestalgia/episodes/224---Who-Framed-Roger-Rabbit-e1jc3vc,assets/episode-art/224-who-framed-roger-rabbit.jpg,episodes/224-who-framed-roger-rabbit.md,,"Roger Rabbit's, a living breathing cartoon, has been framed for the murder of Marvin Acme. The motive is that his wife, Jessica Rabbit had been photographed playing patty-cake with him. Obviously this kind of affair is enough to drive a man, or rabbit, into killing. But he didn't do it and now there seems to be some kind of mystery surrounding Marvin Acme's last will and testament... and with it, ownership of Toontown. In order to clear his name, Roger has enlisted the help of Eddie Valliant, no-nonsense detective. Together they'll need to search through Hollywood, Toontown, the Wilderness and Toontown in an effort to find the pieces to Marvin's original will and stop the evil Judge Doom and his henchmen, the Weasels.  Support NEStalgia directly by becoming a member of our Patreon at https://www.patreon.com/Nestalgia  Members at the $5 and above level get access to our brand new show NEStalgia Bytes. A look at the famicom games you can play without any Japanese knowledge! For More NEStalgia, visit www.NEStalgiacast.com  SHOW NOTES  Who Framed the Longplay?  Who Played as Roger Rabbit?  Who Played the Opening Movie Sequence?  Who Read Roger Rabbit?  Who Promoted Roger Rabbit?"
episode,223,SKY SHARK,2022-05-27,2319,https://traffic.megaphone.fm/APO7593381493.mp3,https://podcasters.spotify.com/pod/show/nestalgia/episodes/223---SKY-SHARK-e1inm2s,assets/episode-art/223-sky-shark.jpg,episodes/223-sky-shark.md,,"The battles of World War II were non-stop blood baths on the sea and in the skies. No squadron has more kills than yours and no one in your squadron is better than you. That's why they call you Sky Shark.  Support NEStalgia directly by becoming a member of our Patreon at https://www.patreon.com/Nestalgia  Members at the $5 and above level get access to our brand new show NEStalgia Bytes. A look at the famicom games you can play without any Japanese knowledge! For More NEStalgia, visit www.NEStalgiacast.com  SHOW NOTES  Sky Shark Longplay  Flying Shark Gameplay  Same! Same! Same!  1942 Red Planes"
episode,222,SESAME STREET ABC,2022-05-20,2382,https://anchor.fm/s/5808ab8/podcast/play/52204980/https%3A%2F%2Fd3ctxlq1ktw2nl.cloudfront.net%2Fstaging%2F2022-4-18%2F86c1c3ea-8355-8fe4-b036-312634f7d71d.mp3,https://podcasters.spotify.com/pod/show/nestalgia/episodes/222---SESAME-STREET-ABC-e1inlvk,assets/episode-art/222-sesame-street-abc.jpg,episodes/222-sesame-street-abc.md,,"This game is divided into two parts:  Letter-Go-Round: By catching and matching letters on a spinning ferris wheel children practice letter recognition and matching, simple spelling and word formation.  Ernie's Big Splash: Children can help Ernie find his rubber duckie for his bath by building a pathway from duckie's soap dish to Ernie's bathtub. This helps children practice planning, predicting and problem-solving.  Support NEStalgia directly by becoming a member of our Patreon at https://www.patreon.com/Nestalgia  Members at the $5 and above level get access to our brand new show NEStalgia Bytes. A look at the famicom games you can play without any Japanese knowledge! For More NEStalgia, visit www.NEStalgiacast.com  SHOW NOTES  Sesame Street ABC Longplay"
episode,221,Prisoners of War,2022-05-13,2843,https://anchor.fm/s/5808ab8/podcast/play/51801840/https%3A%2F%2Fd3ctxlq1ktw2nl.cloudfront.net%2Fstaging%2F2022-4-10%2F6044ba07-6d34-d951-c928-0c504adbb390.mp3,https://podcasters.spotify.com/pod/show/nestalgia/episodes/221---Prisoners-of-War-e1ibc9g,assets/episode-art/221-prisoners-of-war.jpg,episodes/221-pow-prisoners-of-war.md,,"The enemy is unstoppable. They maintain vigilant guard over their front lines! The only way to defeat them is to get behind their lines. But how? By allowing a soldier to get captured, perhaps he could escape and single-handedly defeat the enemy forces in his way.   Support NEStalgia directly by becoming a member of our Patreon at https://www.patreon.com/Nestalgia  Members at the $5 and above level get access to our brand new show NEStalgia Bytes. A look at the famicom games you can play without any Japanese knowledge! For More NEStalgia, visit www.NEStalgiacast.com  SHOW NOTES  NES Longplay  Arcade  SNK 40th Anniversary Collection  NES Ending Collection"
episode,220,NFL,2022-05-06,2181,https://anchor.fm/s/5808ab8/podcast/play/51181600/https%3A%2F%2Fd3ctxlq1ktw2nl.cloudfront.net%2Fstaging%2F2022-3-27%2Fd52c3f34-771b-7535-0890-582160ce8462.mp3,https://podcasters.spotify.com/pod/show/nestalgia/episodes/220---NFL-e1hoej0,assets/episode-art/220-nfl.jpg,episodes/220-nfl.md,,"Based on professional football as played in the National Football League, NFL was the first 8-bit console game to carry the official NFL license. There is no NFLPA license, though, which means the 28 real teams are included, but no player names or faces.  Support NEStalgia directly by becoming a member of our Patreon at https://www.patreon.com/Nestalgia  Members at the $5 and above level get access to our brand new show NEStalgia Bytes. A look at the famicom games you can play without any Japanese knowledge! For More NEStalgia, visit www.NEStalgiacast.com  SHOW NOTES  NFL Longplay  Tecmo Bowl Episode  Intellivision NFL"
episode,219,King's Knight,2022-04-29,2475,https://traffic.megaphone.fm/APO9039423504.mp3,https://podcasters.spotify.com/pod/show/nestalgia/episodes/219---Kings-Knight-e1hoe49,assets/episode-art/219-kings-knight.jpg,episodes/219-kings-knight.md,,"King's Knight is a fantasy-themed top-down shooter where four heroes have to unite to defeat a dragon and rescue a princess in despair. It was one of the first games published by Square Soft (now one-half of Square Enix).  Support NEStalgia directly by becoming a member of our Patreon at https://www.patreon.com/Nestalgia  Members at the $5 and above level get access to our brand new show NEStalgia Bytes. A look at the famicom games you can play without any Japanese knowledge! For More NEStalgia, visit www.NEStalgiacast.com  SHOW NOTES  King's Knight Longplay  Konami's Knightmare  King's Knight: Wrath of the Dark Dragon  Final Fantasy XV Movie"
episode,218,Hollywood Squares,2022-04-22,2465,https://anchor.fm/s/5808ab8/podcast/play/50480239/https%3A%2F%2Fd3ctxlq1ktw2nl.cloudfront.net%2Fstaging%2F2022-3-12%2F23362525-c4f1-13e7-af59-5052d9a09828.mp3,https://podcasters.spotify.com/pod/show/nestalgia/episodes/218---Hollywood-Squares-e1h31lf,assets/episode-art/218-hollywood-squares.jpg,episodes/218-hollywood-squares.md,,"Two contestants play a version of tic-tac-toe, with ""celebrities"" filling in for the squares. The selected celeb is asked a question, answers it, and the contestant must agree or disagree with their answer. A correct guess captures that square. After three games, the winning contestant picks a key and a car out of two separate pools, hoping to match the two up and win the car.  Support NEStalgia directly by becoming a member of our Patreon at https://www.patreon.com/Nestalgia  Members at the $5 and above level get access to our brand new show NEStalgia Bytes. A look at the famicom games you can play without any Japanese knowledge! For More NEStalgia, visit www.NEStalgiacast.com  SHOW NOTES  Hollywood Squares NES Longplay  Hollywood Squares Wii  Hollywood Squares TV Show"
episode,217,Fester's Quest,2022-04-15,3698,https://anchor.fm/s/5808ab8/podcast/play/50480122/https%3A%2F%2Fd3ctxlq1ktw2nl.cloudfront.net%2Fstaging%2F2022-3-12%2Fad7d4ce7-2397-2401-e777-c5cbe1e2ddea.mp3,https://podcasters.spotify.com/pod/show/nestalgia/episodes/217---Festers-Quest-e1h31hq,assets/episode-art/217-festers-quest.jpg,episodes/217-festers-quest.md,,"Fester's Quest takes the skeletons out of the closet for a trip to outer space.  If ""space games"" are your thing, here's the spaciest one yet! With Lurch, Pugsley, Thing, and the rest of the Addams crew at his side, Uncle Fester leads the way in the wildest, wackiest alien shoot-'em-up ever! The action is manic, the graphics explosive, and the story is guaranteed to leave you howling. So find out for yourself how much fun going crazy can be. Get ""Fester's Quest."" At your favorite dealer now!   Support NEStalgia directly by becoming a member of our Patreon at https://www.patreon.com/Nestalgia  Members at the $5 and above level get access to our brand new show NEStalgia Bytes. A look at the famicom games you can play without any Japanese knowledge! For More NEStalgia, visit www.NEStalgiacast.com  SHOW NOTES  Fester's Quest Gameplay  Addam's Family TV Show  Addam's Family Movie  Cousin Itt"
episode,216,DuckTales,2022-04-08,4473,https://anchor.fm/s/5808ab8/podcast/play/50196703/https%3A%2F%2Fd3ctxlq1ktw2nl.cloudfront.net%2Fstaging%2F2022-3-7%2Ff9e8f50d-1242-a23a-c01a-15e2575ecdfd.mp3,https://podcasters.spotify.com/pod/show/nestalgia/episodes/216---DuckTales-e1gqcov,assets/episode-art/216-ducktales.jpg,episodes/216-ducktales.md,,"Duck Tales for NES is a traditional platform game in which the player takes the role of greedy Scrooge McDuck in search of treasures around the globe. He counts on his three nephews and on other Duck Tales characters to help him in his quest through inhospitable places such as the Amazon rainforest, the African mines, the Himalayas, Transylvania (where he meets Dracula Duck) and even the Moon.  Support NEStalgia directly by becoming a member of our Patreon at https://www.patreon.com/Nestalgia  Members at the $5 and above level get access to our brand new show NEStalgia Bytes. A look at the famicom games you can play without any Japanese knowledge! For More NEStalgia, visit www.NEStalgiacast.com  SHOW NOTES  DuckTales Gameplay  DuckTales 2  DuckTales: The Quest for Gold  DuckTales Remastered  DuckTales TV Show Opening  Scrooge McDuck Dell Comics"
episode,215,Castlequest,2022-04-01,2559,https://anchor.fm/s/5808ab8/podcast/play/49697880/https%3A%2F%2Fd3ctxlq1ktw2nl.cloudfront.net%2Fproduction%2Fexports%2F5808ab8%2F49697880%2F2d58cd22fe753df2d1a7ef5718becb46.m4a,https://podcasters.spotify.com/pod/show/nestalgia/episodes/215---Castlequest-e1gb5ko,assets/episode-art/215-castlequest.jpg,episodes/215-castlequest.md,,"The object of the game is to navigate through Groken Castle to rescue Princess Margarita. It is the sequel to The Castle  Support NEStalgia directly by becoming a member of our Patreon at https://www.patreon.com/Nestalgia  Members at the $5 and above level get access to our brand new show NEStalgia Bytes. A look at the famicom games you can play without any Japanese knowledge! For More NEStalgia, visit www.NEStalgiacast.com  SHOW NOTES  Castlequest  The Castle  Prince of Persia"
episode,214,The Black Bass,2022-03-25,4238,https://anchor.fm/s/5808ab8/podcast/play/49592280/https%3A%2F%2Fd3ctxlq1ktw2nl.cloudfront.net%2Fstaging%2F2022-2-25%2Facdbad7f-dbcd-3a6d-f74e-f8f407467b2f.mp3,https://podcasters.spotify.com/pod/show/nestalgia/episodes/214---The-Black-Bass-e1g7ugo,assets/episode-art/214-the-black-bass.jpg,episodes/214-the-black-bass.md,,"In The Black Bass (originally Black Bass II) the player is an angler in a Black Bass fishing tournament. In this tournament, the player starts out on Lake Amanda as a rating C class angler in 200th position.  Support NEStalgia directly by becoming a member of our Patreon at https://www.patreon.com/Nestalgia  Members at the $5 and above level get access to our brand new show NEStalgia Bytes. A look at the famicom games you can play without any Japanese knowledge! For More NEStalgia, visit www.NEStalgiacast.com  SHOW NOTES  Black Bass NES Gameplay  Black Bass Famicom (different game)  Blue Marlin NES  Super Black Bass  Bassin's Black Bass  Black Bass with Blue Marlin PSX"
episode,213,Bad Street Brawler,2022-03-18,2334,https://anchor.fm/s/5808ab8/podcast/play/48499704/https%3A%2F%2Fd3ctxlq1ktw2nl.cloudfront.net%2Fstaging%2F2022-2-18%2F0380c859-c386-ed57-4c77-39346d00c053.mp3,https://podcasters.spotify.com/pod/show/nestalgia/episodes/213---Bad-Street-Brawler-e1f6jho,assets/episode-art/213-bad-street-brawler.jpg,episodes/213-bad-street-brawler.md,,"The city has gone wild! Chaos stalks the streets in the guise of new wave gangsters and motorcycle madmen. Only you can save the day. Only you are tough enough, fast enough, mad enough - and only you look good enough in gold spandex trunks to save the streets of our fair city from the swarms of human (and otherwise) vermin who threaten our grandmother's safety.  Support NEStalgia directly by becoming a member of our Patreon at https://www.patreon.com/Nestalgia  Members at the $5 and above level get access to our brand new show NEStalgia Bytes. A look at the famicom games you can play without any Japanese knowledge! For More NEStalgia, visit www.NEStalgiacast.com  SHOW NOTES  Bad Street Brawler  How a Power Glove Works  How a Power Glove ACTUALLY works  Neil Patrick Harris  Ringling Barnum and Baileys  Sweet Bro and Hella Jeff Web Comic"
episode,212,Back to the Future,2022-03-11,3452,https://anchor.fm/s/5808ab8/podcast/play/48499418/https%3A%2F%2Fd3ctxlq1ktw2nl.cloudfront.net%2Fstaging%2F2022-2-12%2F2f6fbc69-44f5-8724-ca9e-54979748e8e9.mp3,https://podcasters.spotify.com/pod/show/nestalgia/episodes/212---Back-to-the-Future-e1f6j8q,assets/episode-art/212-back-to-the-future.jpg,episodes/212-back-to-the-future.md,,"In Back to the Future, 80s teen Marty McFly is mistakenly send 30 years into the past where he disrupts his own parents from meeting. Faced with extinction at the hands of a temporal paradox, Marty must find a way to reunite his future parents and make it back to his own time.  Support NEStalgia directly by becoming a member of our Patreon at https://www.patreon.com/Nestalgia  Members at the $5 and above level get access to our brand new show NEStalgia Bytes. A look at the famicom games you can play without any Japanese knowledge! For More NEStalgia, visit www.NEStalgiacast.com  SHOW NOTES  Back to the Future Gameplay  Back to the Future MSX (before NES)  Universal Studios on GameCube  Back to the Future: The Game  Simpsons' Larry the Looter Game"
episode,211,Air Fortress,2022-03-04,4430,https://anchor.fm/s/5808ab8/podcast/play/48499296/https%3A%2F%2Fd3ctxlq1ktw2nl.cloudfront.net%2Fstaging%2F2022-2-3%2F63394fc8-38d0-52c3-a95a-7b2f0947546c.mp3,https://podcasters.spotify.com/pod/show/nestalgia/episodes/211---Air-Fortress-e1f6j50,assets/episode-art/211-air-fortress.jpg,episodes/211-air-fortress.md,,"The Federation of Intergalactic Powers is under threat by gigantic fortress spaceships which have suddenly appeared and destroyed nearby civilization. When conventional defense tactics fail, the Federation looks to find a specially selected person, Hal Bailman and equip him with a special ""Lightship"".  Support NEStalgia directly by becoming a member of our Patreon at https://www.patreon.com/Nestalgia  Members at the $5 and above level get access to our brand new show NEStalgia Bytes. A look at the famicom games you can play without any Japanese knowledge! For More NEStalgia, visit www.NEStalgiacast.com  SHOW NOTES  Air Fortress Gameplay"
episode,210,The Adventures of Dino Riki,2022-02-25,3071,https://anchor.fm/s/5808ab8/podcast/play/47887830/https%3A%2F%2Fd3ctxlq1ktw2nl.cloudfront.net%2Fstaging%2F2022-1-19%2F5f97ec94-4566-46e6-711a-138c1e7bc4ae.mp3,https://podcasters.spotify.com/pod/show/nestalgia/episodes/210---The-Adventures-of-Dino-Riki-e1eju0m,assets/episode-art/210-the-adventures-of-dino-riki.jpg,episodes/210-the-adventures-of-dino-riki.md,,"Somewhere in the land of dinosaurs, a hero known as Dino-Riki sets out to battle against the beasts of the ancient times and prove man's right to survival amongst evolution.  Support NEStalgia directly by becoming a member of our Patreon at https://www.patreon.com/Nestalgia  Members at the $5 and above level get access to our brand new show NEStalgia Bytes. A look at the famicom games you can play without any Japanese knowledge! For More NEStalgia, visit www.NEStalgiacast.com  SHOW NOTES  NES Longplay  Adventure Island"
episode,209,Jordan VS Bird: One on One,2022-02-18,3288,https://anchor.fm/s/5808ab8/podcast/play/47124411/https%3A%2F%2Fd3ctxlq1ktw2nl.cloudfront.net%2Fstaging%2F2022-1-3%2Fa634d38d-5f6b-3d3e-549e-e1a53ee2ebce.mp3,https://podcasters.spotify.com/pod/show/nestalgia/episodes/209---Jordan-VS-Bird-One-on-One-e1dskfr,assets/episode-art/209-jordan-vs-bird-one-on-one.jpg,episodes/209-jordan-vs-bird-one-on-one.md,,"Two of the greatest icons of the Golden Age of the NBA match up in this game. On one side, the spectacular dunks of Michael Jordan of the Chicago Bulls; on the other, Larry Bird's incredible accuracy from the outside.   Support NEStalgia directly by becoming a member of our Patreon at https://www.patreon.com/Nestalgia  Members at the $5 and above level get access to our brand new show NEStalgia Bytes. A look at the famicom games you can play without any Japanese knowledge! For More NEStalgia, visit www.NEStalgiacast.com  SHOW NOTES  Jordan V Bird Longplay  Dr. J V Bird  Why MJ wasn't in NBA games"
episode,208,Flying Dragon: The Secret Scroll,2022-02-11,2770,https://anchor.fm/s/5808ab8/podcast/play/47123236/https%3A%2F%2Fd3ctxlq1ktw2nl.cloudfront.net%2Fstaging%2F2022-1-3%2Fd1b2613f-f151-29f0-db59-dacc8b5fa743.mp3,https://podcasters.spotify.com/pod/show/nestalgia/episodes/208---Flying-Dragon-The-Secret-Scroll-e1dsjb4,assets/episode-art/208-flying-dragon-the-secret-scroll.jpg,episodes/208-flying-dragon-the-secret-scroll.md,,"Set off on a journey to complete the mystical Mandara Seal and activate its magical powers. Face tough challengers, and use six different types of fighting techniques to your advantage. Work your way to the World Tournament, and defend the world from the legions of darkness!   Support NEStalgia directly by becoming a member of our Patreon at https://www.patreon.com/Nestalgia  Members at the $5 and above level get access to our brand new show NEStalgia Bytes. A look at the famicom games you can play without any Japanese knowledge! For More NEStalgia, visit www.NEStalgiacast.com  SHOW NOTES  NES Longplay  Kid Niki Radical Ninja  Shanghai Kid  Flying Warriors  Hiryū no Ken III: Go-nin no Dragon  Ultimate Fighter  Hiryuu no Ken S - Golden Fighter  Flying Dragon (N64)"
episode,207,Faxanadu,2022-02-04,5150,https://anchor.fm/s/5808ab8/podcast/play/47130316/https%3A%2F%2Fd3ctxlq1ktw2nl.cloudfront.net%2Fstaging%2F2022-1-3%2F4c3eba18-d14b-8f77-3cda-9712b8375938.mp3,https://podcasters.spotify.com/pod/show/nestalgia/episodes/207---Faxanadu-e1dsq8c,assets/episode-art/207-faxanadu.jpg,episodes/207-faxanadu.md,,"You are the elves’ last hope. Outside the town walls lurk monsters with the power to destroy anything in their path. Inside the walls, water and time are running out. Soon the ancient elf town of Eolis will vanish into eternity. Only you can save Eolis. No one else dares to venture beyond the walls, onto the World Tree, where towns and fortresses precariously await the whims of fate at the hands of the Evil.  Support NEStalgia directly by becoming a member of our Patreon at https://www.patreon.com/Nestalgia  Members at the $5 and above level get access to our brand new show NEStalgia Bytes. A look at the famicom games you can play without any Japanese knowledge! For More NEStalgia, visit www.NEStalgiacast.com  Show Notes  Faxanadu Longplay  Xanadu  Dragon Slayer  Legacy of the Wizard  Xanadu Next  Tokyo Xanadu  World Tree"
episode,206,Dragon Warrior,2022-01-28,5468,https://anchor.fm/s/5808ab8/podcast/play/46561337/https%3A%2F%2Fd3ctxlq1ktw2nl.cloudfront.net%2Fstaging%2F2022-0-23%2F1cbcd383-228b-b305-5a2e-83f150002fbf.mp3,https://podcasters.spotify.com/pod/show/nestalgia/episodes/206---Dragon-Warrior-e1dbejp,assets/episode-art/206-dragon-warrior.jpg,episodes/206-dragon-warrior.md,,"Once upon a time, the Balls of Light illuminated the kingdom of Alefgard, keeping its winters short and sustaining its peace. However, a man who could tame dragons and hence known as a Dragonlord, became corrupted by his magical studies. He attacked the Tantegel Castle and stole the Balls of Light, causing monsters to roam the land. A valiant hero named Erdrick, who had obtained the Balls of Light for the kingdom in the first place, attempted to defeat the Dragonlord and disappeared without trace. Many years later, during the reign of King Lorik XVI, the Dragonlord abducted Princess Gwaelin, carrying her to Castle Charlock. One day, a knight appears in front of the king, claiming to the be the descendant of Erdrick. He is entrusted with the mission to vanquish the Dragonlord, as the prophet Mahetta has predicted.   Support NEStalgia directly by becoming a member of our Patreon at https://www.patreon.com/Nestalgia  Members at the $5 and above level get access to our brand new show NEStalgia Bytes. A look at the famicom games you can play without any Japanese knowledge! For More NEStalgia, visit www.NEStalgiacast.com  SHOW NOTES  Dragon Warrior Longplay  Dragon Warrior on MSX  Dragon Warrior on Gameboy Color  Dragon Warrior on SNES  Akira Toriyama  Alternate Endings of Dragon Warrior  Dragon Quest Builders"
episode,205,The Bugs Bunny Crazy Castle,2022-01-21,2510,https://anchor.fm/s/5808ab8/podcast/play/45878776/https%3A%2F%2Fd3ctxlq1ktw2nl.cloudfront.net%2Fstaging%2F2022-0-8%2F5f92a0d0-2498-8751-4a9f-75d3cb8b7eef.mp3,https://podcasters.spotify.com/pod/show/nestalgia/episodes/205---The-Bugs-Bunny-Crazy-Castle-e1cmk1o,assets/episode-art/205-the-bugs-bunny-crazy-castle.jpg,episodes/205-the-bugs-bunny-crazy-castle.md,,"Honey Bunny has been taken captive and Bugs Bunny is off to rescue her. Bugs has to contend with those rascals Daffy Duck, Sylvester, Wiley Coyote, and Yosemite Sam who intend to stop him from completing this task.  Support NEStalgia directly by becoming a member of our Patreon at https://www.patreon.com/Nestalgia  Members at the $5 and above level get access to our brand new show NEStalgia Bytes. A look at the famicom games you can play without any Japanese knowledge! For More NEStalgia, visit www.NEStalgiacast.com  SHOW NOTES  Longplay  THE Bugs Bunny Crastle 2 (Joe and Mike played)  Crazy Castle Series"
episode,204,Bad Dudes,2022-01-14,3177,https://anchor.fm/s/5808ab8/podcast/play/45695640/https%3A%2F%2Fd3ctxlq1ktw2nl.cloudfront.net%2Fstaging%2F2022-0-4%2F245510fa-8807-0e9e-bfb5-08535144c9e1.mp3,https://podcasters.spotify.com/pod/show/nestalgia/episodes/204---Bad-Dudes-e1ch16o,assets/episode-art/204-bad-dudes.jpg,episodes/204-bad-dudes.md,,"KIDNAPPED! the headlines scream. The nation is paralyzed in shock. Is it possible? The President kidnapped? Without a moment's hesitation you know who's responsible — the Dragon Ninja. As Blade or Striker, a.k.a. the BAD DUDES you take to the streets to rescue the President.  Support NEStalgia directly by becoming a member of our Patreon at https://www.patreon.com/Nestalgia  Members at the $5 and above level get access to our brand new show NEStalgia Bytes. A look at the famicom games you can play without any Japanese knowledge! For More NEStalgia, visit www.NEStalgiacast.com  SHOW NOTES  Bad Dudes  Bad Dudes Arcade  Two Crude Dudes  Bad Dudes Failed Kickstarter"
episode,203,The Adventures of Tom Sawyer,2022-01-07,3182,https://anchor.fm/s/5808ab8/podcast/play/45696828/https%3A%2F%2Fd3ctxlq1ktw2nl.cloudfront.net%2Fstaging%2F2022-0-4%2F89df1e23-553e-b3d9-1d10-041f9907e7c8.mp3,https://podcasters.spotify.com/pod/show/nestalgia/episodes/203---The-Adventures-of-Tom-Sawyer-e1ch2bs,assets/episode-art/203-the-adventures-of-tom-sawyer.jpg,episodes/203-the-adventures-of-tom-sawyer.md,,Tom Sawyer's famous literary exploits come to life in this adventure where you play Tom Sawyer (or Huck Finn in a 2 player game). The adventure begins in Tom's dream while he sleeps in school.  Support NEStalgia directly by becoming a member of our Patreon at https://www.patreon.com/Nestalgia  Members at the $5 and above level get access to our brand new show NEStalgia Bytes. A look at the famicom games you can play without any Japanese knowledge! FOR MORE NESTALGIA check out www.NEStalgiacast.com  SHOW NOTES  The Adventures of Tom Sawyer Longplay  Huckleberry Finn  Square's Tom Sawyer (warning racist depictions in this game)
episode,202,Thundercade,2021-12-31,1964,https://anchor.fm/s/5808ab8/podcast/play/45254401/https%3A%2F%2Fd3ctxlq1ktw2nl.cloudfront.net%2Fstaging%2F2021-11-23%2Fd8451554-8233-62de-8d16-461fe5d046f9.mp3,https://podcasters.spotify.com/pod/show/nestalgia/episodes/202---Thundercade-e1c3ia1,assets/episode-art/202-thundercade.jpg,episodes/202-thundercade.md,,"Terrorism has reached new heights. AATOM (Atomic Age Terrorist Organization of Miracali) has constructed their own nuclear power plant, and threaten the world with atomic terror. The world powers have decided to initiate operation THUNDERCADE to stop AATOM. Equipped with a high-performance combat motorcycle, sidecar cannons, and backed by a precision B-7 bomber, you set out on the dangerous mission.  Support NEStalgia directly by becoming a member of our Patreon at https://www.patreon.com/Nestalgia  Members at the $5 and above level get access to our brand new show NEStalgia Bytes. A look at the famicom games you can play without any Japanese knowledge! FOR MORE NESTALGIA as well as show notes and links check out www.NEStalgiacast.com  SHOW NOTES  Thundercade Longplay  Knight Rider"
episode,201,Super Dodge Ball,2021-12-24,3321,https://anchor.fm/s/5808ab8/podcast/play/45250430/https%3A%2F%2Fd3ctxlq1ktw2nl.cloudfront.net%2Fstaging%2F2021-11-23%2Febc6ff3d-250b-1092-a357-9a950baf60ac.mp3,https://podcasters.spotify.com/pod/show/nestalgia/episodes/201---Super-Dodge-Ball-e1c3edu,assets/episode-art/201-super-dodge-ball.jpg,episodes/201-super-dodge-ball.md,,This ain't elementary school and it sure as heck ain't gym class. This is Super Dodge Ball. Control your team of six players to pummel the opposing team into submission using only the ball and your team's unique skills. Each player has his own special attacks and each team has their own unique attributes.  Support NEStalgia directly by becoming a member of our Patreon at https://www.patreon.com/Nestalgia  Members at the $5 and above level get access to our brand new show NEStalgia Bytes. A look at the famicom games you can play without any Japanese knowledge!  FOR MORE NESTALGIA check out www.NEStalgiacast.com  SHOW NOTES  Super Dodge Ball Longplay  Super Dodge Ball Arcade  Super Dodge Ball Arcade Remake  Kunio Kun  ESPN The Ocho  Super Dodge Ball Advance  Super Sushi Pinball
episode,200,Strider,2021-12-17,7690,https://anchor.fm/s/5808ab8/podcast/play/44903981/https%3A%2F%2Fd3ctxlq1ktw2nl.cloudfront.net%2Fstaging%2F2021-11-17%2F0e2d8fcd-725d-f1c4-95d0-2ba8e0679cdd.mp3,https://podcasters.spotify.com/pod/show/nestalgia/episodes/200---Strider-e1bos3d,assets/episode-art/200-strider.jpg,episodes/200-strider.md,,"The Striders are a global organization of infiltration specialists who work to combat villainy and keep the world safe. From their orbital space station, the Blue Dragon, they are able to quickly reach anywhere in the world.  Support NEStalgia directly by becoming a member of our Patreon! Members at the $5 and above level get access to our brand new show NEStalgia Bytes. A look at the famicom games you can play without any Japanese knowledge!  SHOW NOTES  NEStalgia Patreon  Strider Longplay  Strider Arcade  Genesis Port  Strider II  Strider 2  Strider (Reboot)  Osman  Strider in MVC  Namco X Capcom  THANK YOU FOR SUPPORTING US THROUGH 200 EPISODES :)"
episode,199,Defender of the Crown,2021-12-10,5287,https://anchor.fm/s/5808ab8/podcast/play/44454813/https%3A%2F%2Fd3ctxlq1ktw2nl.cloudfront.net%2Fstaging%2F2021-11-6%2Ff4afc0c0-9b75-1398-c8c3-302f11ee76c4.mp3,https://podcasters.spotify.com/pod/show/nestalgia/episodes/199---Defender-of-the-Crown-e1bb5et,assets/episode-art/199-defender-of-the-crown.jpg,episodes/199-defender-of-the-crown.md,,"Strategy is vital in this chivalrous charade, and smarts will protect your hide better than armor as you command the role of a brave Saxon knight destined to avenge King Richard's murder. To reclaim the crown and conquer the heart of a beautiful maiden, you must outwit and outmaneuver hords of medieval marauders and Norman no-goods.  SHOW NOTES  Defender of the Crown Longplay  Play Defender of the Crown for free!  Defender of the Crown 2  Robin Hood: Defender of the Crown  Defender of the Crown: Heroes Live Forever  Nidhogg Gameplay"
episode,198,Cobra Triangle,2021-12-03,4363,https://traffic.megaphone.fm/APO1531862068.mp3,https://podcasters.spotify.com/pod/show/nestalgia/episodes/198---Cobra-Triangle-e1ahjj7,assets/episode-art/198-cobra-triangle.jpg,episodes/198-cobra-triangle.md,,Cobra Triangle is a single-player boat-racing game that lets you do more than race. It borrows the power-up system from the shoot 'em up genre but keeps the emphasis more on maneuvering than shooting.  SHOW NOTES  Cobra Triangle Longplay  R.C Pro AM Episode  Diddy Kong Racing  Rare Replay  Xbox Game Pass
episode,197,Baseball Stars,2021-11-26,3588,https://anchor.fm/s/5808ab8/podcast/play/43391870/https%3A%2F%2Fd3ctxlq1ktw2nl.cloudfront.net%2Fstaging%2F2021-10-15%2F0568bc0e-23c1-d7a8-39c1-bba56ad488da.mp3,https://podcasters.spotify.com/pod/show/nestalgia/episodes/197---Baseball-Stars-e1aandu,assets/episode-art/197-baseball-stars.jpg,episodes/197-baseball-stars.md,,"Player, manager, owner... You can do it all in Baseball Stars! Make your own team and leagues; hire, fire, and trade players: develop your players from inexperienced rookies into veteran pitchers and hitters. Play against a friend or challenge the computer - you'll never have to worry about being rained out again!  Show Notes  Baseball Stars Longplay  Baseball Stars 2 Arcade"
episode,196,Track and Field II,2021-11-19,3118,https://anchor.fm/s/5808ab8/podcast/play/43391453/https%3A%2F%2Fd3ctxlq1ktw2nl.cloudfront.net%2Fstaging%2F2021-10-15%2F7c809fe1-6751-4bd2-0192-d2cf98d506bb.mp3,https://podcasters.spotify.com/pod/show/nestalgia/episodes/196---Track-and-Field-II-e1aan0t,assets/episode-art/196-track-and-field-ii.jpg,episodes/196-track-and-field-ii.md,,"Track & Field II is a game that allows the player to have an experience based around the Summer Olympic games. Playable events include fencing, the triple jump, swimming, diving, skeet shooting, pole vaulting, Tae Kwon Do, hammer throwing, canoing, archery, hurdles, and the horizontal bar.   SHOW NOTES  T&F2 Longplay  International Track and Field  New International Track and Field"
episode,195,Teenage Mutant Ninja Turtles,2021-11-12,3778,https://anchor.fm/s/5808ab8/podcast/play/42974423/https%3A%2F%2Fd3ctxlq1ktw2nl.cloudfront.net%2Fstaging%2F2021-10-8%2F2d2ec92e-62d7-9568-635a-ac9e313f4268.mp3,https://podcasters.spotify.com/pod/show/nestalgia/episodes/195---Teenage-Mutant-Ninja-Turtles-e19tvon,assets/episode-art/195-teenage-mutant-ninja-turtles.jpg,episodes/195-teenage-mutant-ninja-turtles.md,,"With April O'Neil held hostage by The Shredder's thugs, Bebop and Rocksteady, once again, it's up to the Teenage Mutant Ninja Turtles to come to her rescue! Play as all four of the turtle heroes, rescue April, and then rescue your sensei Splinter from Mecha-Turtles clutches, and then go after The Shredder deep in the bowels of The Technodrome itself. SHOW NOTES TMNT Longplay TMNT Mirage Comics Fire Freak TMNT and Daredevil share the same origin TMNT (2012 Series) Rise of the TMNT"
episode,194,Street Cop,2021-11-05,2824,https://traffic.megaphone.fm/APO2905381302.mp3,https://podcasters.spotify.com/pod/show/nestalgia/episodes/194---Street-Cop-e19nosn,assets/episode-art/194-street-cop.jpg,episodes/194-street-cop.md,,"You play a cop who must chase down and catch the criminals. The game takes you through the streets of a city, where you must turn corners and keep running to catch the bad guys. You use the NES power pad to run through the streets, faster you run faster the cop will give chase. You use the controller to use your nightstick to apprehend the criminal.  SHOW NOTES  Street Cop Longplay  Power Pad DDR Game (Bootleg)"
episode,193,Shooting Range,2021-10-29,2348,https://anchor.fm/s/5808ab8/podcast/play/42116323/https%3A%2F%2Fd3ctxlq1ktw2nl.cloudfront.net%2Fstaging%2F2021-9-21%2F6b6dd2c7-6e2d-8690-bf5e-857be2539785.mp3,https://podcasters.spotify.com/pod/show/nestalgia/episodes/193---Shooting-Range-e193pp3,assets/episode-art/193-shooting-range.jpg,episodes/193-shooting-range.md,,The objective is simple: shoot the red and white targets on the character's heads and watch your energy level.  SHOW NOTES  Shooting Range Longplay  Shooting Range Wikipedia Entry  Bandai Hyper Shot Machine Gun (Mike got the name wrong)  Konami Laserscope
episode,192,Nobunaga's Ambition,2021-10-22,3747,https://anchor.fm/s/5808ab8/podcast/play/41910814/https%3A%2F%2Fd3ctxlq1ktw2nl.cloudfront.net%2Fstaging%2F2021-9-17%2F8a82fe70-e023-56ec-a0ef-a732e848f712.mp3,https://podcasters.spotify.com/pod/show/nestalgia/episodes/192---Nobunagas-Ambition-e18th2u,assets/episode-art/192-nobunagas-ambition.jpg,episodes/192-nobunagas-ambition.md,,"Nobunaga’s Ambition is a game set in Japan’s Warring States period, a turbulent age when feudal warlords battled for control of the country. As the ruler of a fief, the player chooses his or her own path to conquest: Will you wage war on your neighbors or rely on diplomacy? Use economic sanctions or send ninja assassins? Use all of your ingenuity and resources to unite Japan under your banner!   SHOW NOTES  Nobunaga's Ambition NES longplay  Nobunaga's FAQ  Paradox 4x strategy Games  Nobunaga's Ambition on Game Boy  Nobunaga's Ambition on SNES  Nobunaga's Ambition Franchise"
episode,191,MONSTER PARTY,2021-10-15,3053,https://anchor.fm/s/5808ab8/podcast/play/41725326/https%3A%2F%2Fd3ctxlq1ktw2nl.cloudfront.net%2Fstaging%2F2021-9-13%2Fbb7734e1-a3af-2fce-03bc-75c410fe0e9d.mp3,https://podcasters.spotify.com/pod/show/nestalgia/episodes/191---MONSTER-PARTY-e18nrue,assets/episode-art/191-monster-party.jpg,episodes/191-monster-party.md,,"You are a young boy with a baseball bat named Mark. On your way home from a baseball game, you encounter a monster named Bert. Bert needs your help in saving his planet from the evil monsters. You learn how to fuse with Bert and become a monster fighting gargoyle. You'll spend most of the game attacking bad guys by swinging your bat at them or volleying their fire.  SHOW NOTES  Monster Party Longplay  Monster Party Prototype"
episode,190,MEGA MAN 2,2021-10-08,5766,https://anchor.fm/s/5808ab8/podcast/play/41385281/https%3A%2F%2Fd3ctxlq1ktw2nl.cloudfront.net%2Fstaging%2F2021-9-6%2Ff8cb09d0-62ce-02ab-b31d-787f24371464.mp3,https://podcasters.spotify.com/pod/show/nestalgia/episodes/190---MEGA-MAN-2-e18dfs1,assets/episode-art/190-mega-man-2.jpg,episodes/190-mega-man-2.md,,"He's Back! And this time the evil Dr. Wily (once the supreme power in the universe) has created even more sinister robots to mount his attack. But as MegaMan, you've also grown in power and ability. Can you save mankind from the evil desires of Dr. Wily?  SHOW NOTES  Mega Man 2 Longplay  Mega Man 2 Gameboy  Mega Man 2 Tiger Electronics  MM2 NES 30th Anniversary Cart  Mega Man 1 Episode"
episode,189,Hydlide,2021-10-01,3238,https://anchor.fm/s/5808ab8/podcast/play/41041851/https%3A%2F%2Fd3ctxlq1ktw2nl.cloudfront.net%2Fstaging%2F2021-8-29%2F9ae81bbd-263b-d7c6-b960-7362fd072539.mp3,https://podcasters.spotify.com/pod/show/nestalgia/episodes/189---Hydlide-e1830fr,assets/episode-art/189-hydlide.jpg,episodes/189-hydlide.md,,"The young knight, Jim, has a tough challenge: He must avenge the death of the King and save Princess Ann by destroying the devil Boralis and his monstrous companions. Jim comes face-to-face with many forms of evil—water dragon, vampire, zombie, sea monster, a moving forest, and fire balls. But the King's sword and shield are what he needs to conquer Boralis.  SHOW NOTES  Hydlide  Hydlide II  Super Hydlide  Virtual Hydlide  Black Onyx  Tower of Dragua  Legend of Zelda episode  Lawn Mower Simulator"
episode,188,HOOPS,2021-09-24,2141,https://anchor.fm/s/5808ab8/podcast/play/40759483/https%3A%2F%2Fd3ctxlq1ktw2nl.cloudfront.net%2Fstaging%2F2021-8-23%2F8469cdb2-11e3-22b4-5550-c557f06ce119.mp3,https://podcasters.spotify.com/pod/show/nestalgia/episodes/188---HOOPS-e17qcnr,assets/episode-art/188-hoops.jpg,episodes/188-hoops.md,,"Gym rats, beware! HOOPS takes you out to the asphalt, where basketball is a half court game of fast hands, faster moves and slam-jam-thank-you-Sam dunks!  SHOW NOTES  Hoops Longplay  NYC Basketball Court 1970s  Double Dribble  NBA Jam  NBA Street"
episode,187,Guerilla War,2021-09-17,3381,https://anchor.fm/s/5808ab8/podcast/play/40409207/https%3A%2F%2Fd3ctxlq1ktw2nl.cloudfront.net%2Fstaging%2F2021-8-17%2F4e1c4a5a-1279-caee-b260-ad1845980716.mp3,https://podcasters.spotify.com/pod/show/nestalgia/episodes/187---Guerilla-War-e17fmln,assets/episode-art/187-guerilla-war.jpg,episodes/187-guerilla-war.md,,"A tropical island (specified as Cuba in the Japanese original) is being  oppressed by a dictator, but fortunately one or two brave US soldiers  (Ernesto ""Che"" Guevara in the Japanese version) are on hand to restore  justice. March through the rivers, swamps and forests to overthrow the  dictator (specified as Batista in Japan) in this evolution of the Commando style.  SHOW NOTES  Guerilla War Longplay  Guerilla War Arcade  Ikari Warriors Episode  Commando Episode"
episode,186,Desert Commander,2021-09-10,3048,https://anchor.fm/s/5808ab8/podcast/play/40070215/https%3A%2F%2Fd3ctxlq1ktw2nl.cloudfront.net%2Fstaging%2F2021-8-9%2Fdc2f04a7-56a4-3dae-32d5-4c09267aa0e4.mp3,https://podcasters.spotify.com/pod/show/nestalgia/episodes/186---Desert-Commander-e175bk7,assets/episode-art/186-desert-commander.jpg,episodes/186-desert-commander.md,,"Somewhere in a nameless desert, two opposing nameless armies take to the battlefield to destroy the other. Through the strategy of their commanders and the diversity of their units, each side seeks to gain the advantage over the other. There are 5 campaigns total and can be played either VS the computer or a second player.  SHOW NOTES  Desert Commander Longplay  General Patton  General Rommel  Fire Emblem on Famicom  Famicom Wars  Into the Breach  Xcom  How many rivers are in Africa?  North and South  Superman Episode  Spy Vs Spy (an Essential Game)"
episode,185,California Games,2021-09-03,3859,https://anchor.fm/s/5808ab8/podcast/play/39761990/https%3A%2F%2Fd3ctxlq1ktw2nl.cloudfront.net%2Fstaging%2F2021-8-3%2Fc3634545-2b8b-9f2f-6f35-d162bb420e15.mp3,https://podcasters.spotify.com/pod/show/nestalgia/episodes/185---California-Games-e16ruk6,assets/episode-art/185-california-games.jpg,episodes/185-california-games.md,,"California Games was the original ""Extreme Games"" – what today's generation might call ""X-Games in the sun"". Players can select sponsors (absent in some versions) and compete in events such as skateboarding, footbag, surfing, roller skating, flying disc (frisbee) and BMX. The surfing event is ranked by judges, which give a score to help the players improve their routine.  SHOW NOTES  California Games Gameplay  California Games II  Skate or Die Episode  Guitar Hero  S-Ranking"
episode,184,Airwolf,2021-08-27,3118,https://anchor.fm/s/5808ab8/podcast/play/39383777/https%3A%2F%2Fd3ctxlq1ktw2nl.cloudfront.net%2Fstaging%2F2021-7-26%2F13dbc1bc-8759-11ff-5d99-fe46bb0c5627.mp3,https://podcasters.spotify.com/pod/show/nestalgia/episodes/184---Airwolf-e16gd91,assets/episode-art/184-airwolf.jpg,episodes/184-airwolf.md,,"Airwolf is a side-scrolling shooter based on the 1980s TV series of the same name. A division of the CIA builds itself a hi-tech helicopter in secrecy and codenames it ""AirWolf"". Armed with advanced weaponry, it is able to stand up to most types of enemy resistance. Given missions by intelligence agent Archangel, Airwolf is sent around to world on top-secret missions to quell trouble.  SHOW NOTES  Airwolf NES Longplay  Airwolf TV Series  Our Top Gun Episode  Airwolf Arcade Game  Airwolf II (The Game)  Airwolf II (The Episode)  Super Airwolf  Jan-Michael Vincent on Rick and Morty"
episode,183,The Adventures of Bayou Billy,2021-08-20,4512,https://anchor.fm/s/5808ab8/podcast/play/39070044/https%3A%2F%2Fd3ctxlq1ktw2nl.cloudfront.net%2Fstaging%2F2021-7-20%2F3e2474b6-692d-48a5-9bd2-c3e252bfb130.mp3,https://podcasters.spotify.com/pod/show/nestalgia/episodes/183---The-Adventures-of-Bayou-Billy-e166qss,assets/episode-art/183-the-adventures-of-bayou-billy.jpg,episodes/183-the-adventures-of-bayou-billy.md,,"Your best girl Annabelle has been kidnapped by the evil Gordon, the ""gangster king of Bourbon Street"", and as Bayou Billy it is your job to get her back! Bayou Billy is an arcade action game with three different types of gameplay: fighting, shooting, and driving.  SHOW NOTES  Bayou Billy Longplay  NES Action Set  Intellivoice  Mad City Famicom  Captain N: Game Master Episode  Archie Comics Bayou Billy Series"
episode,182,Operation Wolf,2021-08-06,3158,https://anchor.fm/s/5808ab8/podcast/play/38358268/https%3A%2F%2Fd3ctxlq1ktw2nl.cloudfront.net%2Fstaging%2F2021-7-5%2F29b5a237-6a9c-959c-cf72-6832b6f24b94.mp3,https://podcasters.spotify.com/pod/show/nestalgia/episodes/182---Operation-Wolf-e15h3ps,assets/episode-art/182-operation-wolf.jpg,episodes/182-operation-wolf.md,,"A group of desperate terrorists is keeping hostages in their jungle fortress. As a member of the elite tactical squad Operation Wolf, you must invade their hideout, destroy their operations, and get the hostages out alive! Maneuver through a series of missions and fight off soldiers, patrol boats, helicopters, and more.  SHOW NOTES  Operation Wolf NES Longplay  Arcade Gameplay  Time Crisis  House of the Dead  VirtuaCop  Mad Dog Mcree  Operation Thunderbolt  Operation Wolf 3  Operation Tiger"
episode,181,Taboo: The Sixth Sense,2021-07-30,2879,https://anchor.fm/s/5808ab8/podcast/play/37066105/https%3A%2F%2Fd3ctxlq1ktw2nl.cloudfront.net%2Fstaging%2F2021-6-11%2F48843119-e6b8-f091-cb8f-06a8a38d99fc.mp3,https://podcasters.spotify.com/pod/show/nestalgia/episodes/181---Taboo-The-Sixth-Sense-e149ltp,assets/episode-art/181-taboo-the-sixth-sense.jpg,episodes/181-taboo-the-sixth-sense.md,,"Turn the Nintendo Entertainment System into a tarot card deck with Taboo: The Sixth Sense. Write down a questions via the controller, and after a shuffling of cards, the game will attempt to predict your future.  SHOW NOTES  NES Longplay  Tarot Mystery for Super Famicom"
episode,180,Predator,2021-07-23,3109,https://anchor.fm/s/5808ab8/podcast/play/37065836/https%3A%2F%2Fd3ctxlq1ktw2nl.cloudfront.net%2Fstaging%2F2021-6-11%2F59a9c233-f7d2-62e0-be66-88898d41ce98.mp3,https://podcasters.spotify.com/pod/show/nestalgia/episodes/180---Predator-e149llc,assets/episode-art/180-predator.jpg,episodes/180-predator.md,,"IF IT BLEEDS, WE CAN DESTROY IT.  You’d better. Or it will be your blood that spills in the jungle. As Major “Dutch” Schaefer, you face a deadly alien creature that skins men alive and collects human skulls-just for the thrill of the hunt. It shows no mercy. It knows no pain. And now the Predator that wasted all your men is coming after you.  SHOW NOTES  NES Longplay  Movie Trailer  Predator 2 - Genesis 1992  Predator: Concrete Jungle - 2005 PS2  Predators - Mobile 2010  Mortal Kombat X  Predator: Hunting Grounds - 2020 PS4"
episode,179,Mystery Quest,2021-07-16,2129,https://anchor.fm/s/5808ab8/podcast/play/37060046/https%3A%2F%2Fd3ctxlq1ktw2nl.cloudfront.net%2Fstaging%2F2021-6-11%2F2ad79162-ba07-18b1-e10c-97e557b0106f.mp3,https://podcasters.spotify.com/pod/show/nestalgia/episodes/179---Mystery-Quest-e149g0e,assets/episode-art/179-mystery-quest.jpg,episodes/179-mystery-quest.md,,"Mystery Quest is a modified version of Hao Kun no Fushigina Tabi. The player is Hao, an apprentice wizard who finally has a chance to prove himself. The Great Wizard has challenged Hao to seek out his four hidden talismans which he has placed in four different castles.  SHOW NOTES  NES Longplay  Hao Kun no Fushigina Tabi  Final Fantasy MYSTIC QUEST"
episode,178,Mappy Land,2021-07-09,1905,https://anchor.fm/s/5808ab8/podcast/play/36283297/https%3A%2F%2Fd3ctxlq1ktw2nl.cloudfront.net%2Fstaging%2F2021-5-27%2F7eca5c5e-ece7-a6fe-3a8f-821083849e3f.mp3,https://podcasters.spotify.com/pod/show/nestalgia/episodes/178---Mappy-Land-e13hpf1,assets/episode-art/178-mappy-land.jpg,episodes/178-mappy-land.md,,"Mappy, the police mouse, has prepared all kinds of wonderful birthday  presents for his girlfriend, Mapico. But the big cheese in the feline  world, Nyamco , has ordered his clowder to hide the presents throughout  Mappyland.  SHOW NOTES  NES Longplay  Mappy in Smash  Mappy Arcade Game  Hopping Mappy  Mappy Kids  Bubsy 3D  UP Intro"
episode,177,Legacy of the Wizard,2021-07-02,3490,https://traffic.megaphone.fm/APO4285127646.mp3,https://podcasters.spotify.com/pod/show/nestalgia/episodes/177---Legacy-of-the-Wizard-e13hp90,assets/episode-art/177-legacy-of-the-wizard.jpg,episodes/177-legacy-of-the-wizard.md,,"Long ago, an evil dragon named Keela was imprisoned inside a magical dungeon. However time has passed and the magic that sealed the dragon away is weakening. The Drasle family decides that it's time to destroy the dragon once and for all. However only one weapon is capable of doing this, the Dragon Slayer, which is itself sealed away by four magical crowns. The Drasle family decides to take on this quest, and will use every member of the family in order to accomplish it.  SHOW NOTES  NES Longplay  Dragon Slayer Franchise  Legacy of the Wizard Map"
episode,176,The Guardian Legend,2021-06-25,4552,https://anchor.fm/s/5808ab8/podcast/play/35511578/https%3A%2F%2Fd3ctxlq1ktw2nl.cloudfront.net%2Fstaging%2F2021-5-15%2F7169c40e-5761-4a2f-ab81-e7ec7adc5f6f.mp3,https://podcasters.spotify.com/pod/show/nestalgia/episodes/176---The-Guardian-Legend-e12q7qq,assets/episode-art/176-the-guardian-legend.jpg,episodes/176-the-guardian-legend.md,,"In the far future, Earth is a peaceful place with very few worries. To ensure it stays that way, a top secret project was authorized: the creation of the guardian suit. It's a suit of flight armor that allows the guardian to survive any environment. It's a good thing too, because a giant space station is spotted on a collision course with Earth.  SHOW NOTES  The Guardian Legend Longplay  Compile Shmups  Zanac episode  JENOVA  Guardic  Super Star Force  Sigma Star Saga"
episode,175,Fist of the North Star,2021-06-18,2643,https://anchor.fm/s/5808ab8/podcast/play/34944282/https%3A%2F%2Fd3ctxlq1ktw2nl.cloudfront.net%2Fstaging%2F2021-5-6%2F6d3dbf89-6f22-dcdd-e93a-f32175478f7b.mp3,https://podcasters.spotify.com/pod/show/nestalgia/episodes/175---Fist-of-the-North-Star-e128tqq,assets/episode-art/175-fist-of-the-north-star.jpg,episodes/175-fist-of-the-north-star.md,,"A platform ""beat-'em-up"" game based on the animé series Hokuto no Ken. According to the story mentioned in the manual, Kenshirou, the main character, has to save the people from the evil Emperor Heaven. The game itself, however, features no story whatsoever, but a lot of platform action instead. You have to run quickly through the levels (there is a time limit), punching and kicking your enemies, causing them to fly away or to explode, occasionally meeting a boss, visiting secret areas behind doors and collecting various power-ups.   SHOW NOTES  Fist of the North Star Longplay  Hokuto no Ken  Fist of the North Star: 10 Big Brawls for the King of Universe  Fist of the North Star: Ken's Rage  Fist of the North Star: Lost Paradise  Fist of the North Star Movie for free on YouTube"
episode,174,Dr. Jekyll and Mr. Hyde,2021-06-13,2069,https://anchor.fm/s/5808ab8/podcast/play/34574543/https%3A%2F%2Fd3ctxlq1ktw2nl.cloudfront.net%2Fstaging%2F2021-4-31%2Fc0c1be66-a220-cb7c-fce6-22cbb933d7eb.mp3,https://podcasters.spotify.com/pod/show/nestalgia/episodes/174---Dr--Jekyll-and-Mr--Hyde-e11tkof,assets/episode-art/174-dr-jekyll-and-mr-hyde.jpg,episodes/174-dr-jekyll-and-mr-hyde.md,,"Dr. Jekyll and Mr. Hyde is based on the Robert Louis Stevenson novella ""Strange Case of Dr. Jekyll and Mr. Hyde"", which follows a respected doctor who develops a serum that transforms him into the embodiment of his darkest thought and desires. He becomes a slave to his alter ego and is ultimately destroyed by it.   SHOW NOTES  Dr. Jekyll Longplay  Magnavox Odyssey  Romeo and Juliet Game  AVGN Dr. Jekyll  Jekyll and Hyde (2001)"
episode,173,Amagon,2021-06-06,2449,https://anchor.fm/s/5808ab8/podcast/play/34572963/https%3A%2F%2Fd3ctxlq1ktw2nl.cloudfront.net%2Fstaging%2F2021-4-31%2F9bd3f064-6391-3a69-3774-c8ebc318269f.mp3,https://podcasters.spotify.com/pod/show/nestalgia/episodes/173---Amagon-e11tj73,assets/episode-art/173-amagon.jpg,episodes/173-amagon.md,,"In Amagon, your mission is to investigate a dangerous, monster-infested island. As Amagon, you begin the game with only a machine gun and a limited amount of ammo to protect yourself from the inhabitants of the island. Gameplay is an arcade style platform game with six levels, each with a variety of creatures and a large boss at the end.  SHOW NOTES  Amagon Longplay  American Sammy  Amagon, Arkansas"
episode,172,The Adventures of Lolo,2021-05-28,2541,https://anchor.fm/s/5808ab8/podcast/play/34297694/https%3A%2F%2Fd3ctxlq1ktw2nl.cloudfront.net%2Fstaging%2F2021-4-26%2F905ee0b7-c073-e9b9-91ea-5ed7e2c859b2.mp3,https://podcasters.spotify.com/pod/show/nestalgia/episodes/172---The-Adventures-of-Lolo-e11l6cu,assets/episode-art/172-the-adventures-of-lolo.jpg,episodes/172-the-adventures-of-lolo.md,,"The lovely princess Lala was kidnapped by the Evil Demons of the Empire.  You are Lolo, a round ball-like creature (just like the princess  herself), and your mission is to sneak into the empire castle and to  liberate the princess.  SHOW NOTES  Lolo Longplay  Eggerland  Eggerland 95  Solomon's Key  Lolo and Lala in Kirby"
episode,171,World Games,2021-05-21,3228,https://anchor.fm/s/5808ab8/podcast/play/33936085/https%3A%2F%2Fd3ctxlq1ktw2nl.cloudfront.net%2Fstaging%2F2021-4-21%2F1eca38fd-48d3-0e91-3ad3-13d236668e01.mp3,https://podcasters.spotify.com/pod/show/nestalgia/episodes/171---World-Games-e11a58l,assets/episode-art/171-world-games.jpg,episodes/171-world-games.md,,Get ready - get set - get psyched! The World Games are here! And you're a star athlete in this awesome international competition! Go for the gold as you challenge the world's best athletes on their home turf!  SHOW NOTES  Caber Toss  Vitamins  Looney Tunes Log Rolling  Epyx  Skifree
episode,170,Ninja Gaiden,2021-05-14,4837,https://traffic.megaphone.fm/APO9147663978.mp3,https://podcasters.spotify.com/pod/show/nestalgia/episodes/170---Ninja-Gaiden-e10qqb5,assets/episode-art/170-ninja-gaiden.jpg,episodes/170-ninja-gaiden.md,,"Players take the role of Ryu Hayabusa, a rising warrior in his family's clan whose main role in the world is to protect the Dark Dragon Blade from getting into the hands of evil. Ryu Hayabusa travels to America to seek vengeance for his father's death.  SHOW NOTES  Ninja Gaiden NES Longplay  Ninja Gaiden Arcade  Ninja Gaiden Trilogy SNES  Ninja Gaiden OVA  Ninja Gaiden XBOX  The Messenger  Ninja Gaiden Master System (Different game)"
episode,169,Marble Madness,2021-05-07,3885,https://anchor.fm/s/5808ab8/podcast/play/32191474/https%3A%2F%2Fd3ctxlq1ktw2nl.cloudfront.net%2Fstaging%2F2021-3-25%2F304a94ab-d37f-dadb-dc53-3358c5bb6bca.mp3,https://podcasters.spotify.com/pod/show/nestalgia/episodes/169---Marble-Madness-evkthi,assets/episode-art/169-marble-madness.jpg,episodes/169-marble-madness.md,,Steer your marble through each course as fast as you can without losing control!  SHOW NOTES  Marble Madness Longplay  Marble Madness Arcade  Marble Madness Gameboy  Marble Man: Marble Madness 2  Marble Madness Arcade OST  Marble Madness GDC Convo  Mark Cerny  Super Monkey Ball  Knack
episode,168,Kung-Fu Heroes,2021-04-30,2031,https://anchor.fm/s/5808ab8/podcast/play/31822074/https%3A%2F%2Fd3ctxlq1ktw2nl.cloudfront.net%2Fstaging%2F2021-3-20%2F3191bfae-f3b1-e688-be65-10c0afae8900.mp3,https://podcasters.spotify.com/pod/show/nestalgia/episodes/168---Kung-Fu-Heroes-ev9kpq,assets/episode-art/168-kung-fu-heroes.jpg,episodes/168-kung-fu-heroes.md,,"Kung-Fu masters Jacky and Lee return to their kingdom from a long trip. They discover that in their absence, Princess Min-min has been kidnapped and the 10 treasures of the kingdom stolen. Jacky and Lee must fight their way into eight different castles in order to defeat the monsters and rescue the princess.  SHOW NOTES  Kung-Fu Heroes NES Longplay  Chinese Hero Gameplay  Chinese Hero (Sammy)"
episode,167,John Elway's Quarterback,2021-04-23,2401,https://anchor.fm/s/5808ab8/podcast/play/31745357/https%3A%2F%2Fd3ctxlq1ktw2nl.cloudfront.net%2Fstaging%2F2021-3-19%2F85faab0b-4591-8310-0142-909b8d4faee2.mp3,https://podcasters.spotify.com/pod/show/nestalgia/episodes/167---John-Elways-Quarterback-ev79sd,assets/episode-art/167-john-elways-quarterback.jpg,episodes/167-john-elways-quarterback.md,,"Select your team's home city (there is no NFL or NFLPA license, so there are no real teams or players) and then battle the opposing team for four 15-minute (accelerated real-time) quarters.  SHOW NOTES  John Elway's Quarterback NES Longplay  Quarterback Arcade Gameplay  Elway's Steakhouse"
episode,166,DANCE AEROBICS,2021-04-16,2529,https://anchor.fm/s/5808ab8/podcast/play/30704589/https%3A%2F%2Fd3ctxlq1ktw2nl.cloudfront.net%2Fstaging%2F2021-3-4%2F51ff759d-58ae-8f05-4a70-e0d1b8aee5b3.mp3,https://podcasters.spotify.com/pod/show/nestalgia/episodes/166---DANCE-AEROBICS-eu7hgd,assets/episode-art/166-dance-aerobics.jpg,episodes/166-dance-aerobics.md,,It's time to get up and get physical with Nintendo's DANCE AEROBICS. You and all your friends will have a blast working your way through 12 levels of aerobic conditioning and 64 separate aerobic routines.  SHOW NOTES  Dance Aerobics Longplay  Power Pad Advertising
special,5,NEStalgia Game Jam,2021-04-10,5874,https://anchor.fm/s/5808ab8/podcast/play/31089276/https%3A%2F%2Fd3ctxlq1ktw2nl.cloudfront.net%2Fstaging%2F2021-3-9%2F9ac8638a-8e64-ac72-5311-50a63c05f8c8.mp3,https://podcasters.spotify.com/pod/show/nestalgia/episodes/S05---NEStalgia-Game-Jam-euj95s,assets/episode-art/s005-nestalgia-game-jam.jpg,,,In this special BONUS EPISODE of NEStalgia we’re doing a deep dive into the 25 games submitted for the 2021 NEStalgia Game Jam. You too can play all these games in the link below. Congrats to all the developers on this terrific achievement!  LINK TO THE GAMES
episode,165,Ultima Exodus,2021-04-09,8435,https://anchor.fm/s/5808ab8/podcast/play/30791099/https%3A%2F%2Fd3ctxlq1ktw2nl.cloudfront.net%2Fstaging%2F2021-3-5%2Fe0dadd8e-6f42-0683-3378-e29aa8ffbb38.mp3,https://podcasters.spotify.com/pod/show/nestalgia/episodes/165---Ultima-Exodus-eua5vr,assets/episode-art/165-ultima-exodus.jpg,episodes/165-ultima-exodus.md,,"This is the ultimate role playing fantasy game. You put together a team of any four characters — assume their identities and powers — to conquer the evil Exodus who has created havoc in Britannia. Hostile forests, high mountains, and dangerous oceans all stand in your way as you destroy monsters, search for gold, find clues, and explore dungeons to discover the hiding place of Exodus.  SHOW NOTES  Ultima Exodus Longplay  Ultima 3 PC  Super Mario World Black Fuzzy  Fallout New Vegas Survival Mode  The Ultima Exodus Exploit   Ultima Exodus Floor Battle  What is Exodus?  How Gamers Killed Ultima Online's Virtual Ecology  Was Lord British assassinated in Ultima Online?"
episode,164,TECMO BOWL,2021-04-02,4440,https://anchor.fm/s/5808ab8/podcast/play/30565019/https%3A%2F%2Fd3ctxlq1ktw2nl.cloudfront.net%2Fstaging%2F2021-3-2%2F546e8db2-24e5-2af1-fdb8-c5b05b634b1d.mp3,https://podcasters.spotify.com/pod/show/nestalgia/episodes/164---TECMO-BOWL-eu396r,assets/episode-art/164-tecmo-bowl.jpg,episodes/164-tecmo-bowl.md,,"Organize your own roster and write your own game plan. Match your gridiron skills against the computer or another player.  From the snap, total control of every pass, block, run and tackle is in your hands. Tecmo Bowl. The game of guts and glory!   SHOW NOTES  Tecmo Bowl Longplay  Tecmo Bowl vs RBI (GREAT WEBSITE)  Tecmo Bowl Arcade  Tecmo Super Bowl II: Special Edition  Tecmo Super Bowl III: Final Edition  Tecmo Bowl: Kickoff (Nintendo DS)  Family Fun Football  Tecmo Bowl Throwback  Buffalo Bills Season Tickets"
episode,163,Q*Bert,2021-03-26,3276,https://anchor.fm/s/5808ab8/podcast/play/28967436/https%3A%2F%2Fd3ctxlq1ktw2nl.cloudfront.net%2Fstaging%2F2021-2-14%2F214c27b0-6ce3-c63b-1c5f-1a263fcf082b.mp3,https://podcasters.spotify.com/pod/show/nestalgia/episodes/163---QBert-esih2c,assets/episode-art/163-q-bert.jpg,episodes/163-q-bert.md,,"No one ever said it was going to be easy hopping the irresistible Q*bert from cube to cube and staying out of harm's way. Especially when he's trying to avoid creeps like Coily and Ugg.  SHOW NOTES  NES Longplay  Arcade Version  Q*Bert's Qubes  Q*Bert 3 (which really should be called Q*Bert Qubed)  Q*Bert PSX  Q*Bert Rebooted  Q*Bert TV Show (yes, really)  Q*Bert Bedsheets for only $225  The Making of Q*Bert"
episode,162,GYRUSS,2021-03-19,3447,https://anchor.fm/s/5808ab8/podcast/play/28506704/https%3A%2F%2Fd3ctxlq1ktw2nl.cloudfront.net%2Fstaging%2F2021-2-9%2F549d87b3-983a-075a-1ba2-ce99f3dc55a2.mp3,https://podcasters.spotify.com/pod/show/nestalgia/episodes/162---GYRUSS-es4f4g,assets/episode-art/162-gyruss.jpg,episodes/162-gyruss.md,,"It’s A.D. 2500 and mankind has penetrated the galaxy’s fringes, establishing colonies of peace from Mercury to Pluto. Suddenly, the tranquility of the Milky Way erupts into a frothing fury as armadas of alien deathships swarm into our solar system like killer bees preying on an innocent bystander. No one is spared. Even beloved Mother Earth is stung.  SHOW NOTES  Gyruss Longplay  Pronunciation  Back of the Box story  Gyruss Arcade  Contra: Legacy of War  Konami Collector's Series: Arcade Advanced  Dance Dance Revolution Ultramix 2 - Gyruss Song"
episode,161,Friday the 13th,2021-03-12,3374,https://anchor.fm/s/5808ab8/podcast/play/27700354/https%3A%2F%2Fd3ctxlq1ktw2nl.cloudfront.net%2Fstaging%2F2021-2-2%2F52178ee1-4322-725b-1c38-68dc4d781a4e.mp3,https://podcasters.spotify.com/pod/show/nestalgia/episodes/161---Friday-the-13th-erbrm2,assets/episode-art/161-friday-the-13th.jpg,episodes/161-friday-the-13th.md,,"Based on the popular movie franchise, Friday the 13th casts you as one of six camp counselors (three girls or three boys) at the infamous Camp Crystal Lake, and you are tasked with destroying Jason Voorhees once and for all.  SHOW NOTES  Friday the 13th Longplay  A VERY in-depth guide to Friday the 13th  Jason X  Friday the 13th - Commodore 64 1985  Jason in Mortal Kombat X  Friday the 13th: The Game  Friday the 13th: Killer Puzzle"
episode,160,Bandai Golf: Challenge Pebble Beach,2021-03-05,2509,https://anchor.fm/s/5808ab8/podcast/play/27702081/https%3A%2F%2Fd3ctxlq1ktw2nl.cloudfront.net%2Fstaging%2F2021-2-2%2F5face699-44cb-5965-d18d-c4da514688d2.mp3,https://podcasters.spotify.com/pod/show/nestalgia/episodes/160---Bandai-Golf-Challenge-Pebble-Beach-erbtc1,assets/episode-art/160-bandai-golf-challenge-pebble-beach.jpg,episodes/160-bandai-golf-challenge-pebble-beach.md,,Play one of the world's most difficult and challenging golf courses on your Nintendo! Super-realistic play lets you control every aspect of playing real golf!   SHOW NOTES  Bandai Golf Longplay  The very complicated manual  Pebble Beach
episode,159,WWF Wrestlemania,2021-02-26,2857,https://anchor.fm/s/5808ab8/podcast/play/26704262/https%3A%2F%2Fd3ctxlq1ktw2nl.cloudfront.net%2Fstaging%2F2021-1-14%2F638be611-378e-92d0-a15b-a114268dff7e.mp3,https://podcasters.spotify.com/pod/show/nestalgia/episodes/159---WWF-Wrestlemania-eqdeu6,assets/episode-art/159-wwf-wrestlemania.jpg,episodes/159-wwf-wrestlemania.md,,"WWF Wrestlemania is a wrestling game using the World Wrestling Federation (WWF) license. The game features six popular WWF wrestlers:Hulk Hogan, André the Giant, ""Macho Man"" Randy Savage, The Honky Tonk Man, Bam Bam Bigelow, and ""The Million Dollar Man"" Ted DiBiase.  SHOW NOTES  NEStalgia Game Jam  WWF Wrestlemania Longplay  The Mega Powers  Wrestlemania V  Macho Man Theme  Bonesaw is Ready!  Wrestlemania 2000  WWF No Mercy  WWF Smackdown!  WWE Legends of Wrestlemania"
episode,158,Tecmo Baseball,2021-02-19,2980,https://anchor.fm/s/5808ab8/podcast/play/26260216/https%3A%2F%2Fd3ctxlq1ktw2nl.cloudfront.net%2Fstaging%2F2021-1-5%2F7c881c9a-1ecf-49ef-f683-7fc6925fcfdd.mp3,https://podcasters.spotify.com/pod/show/nestalgia/episodes/158---Tecmo-Baseball-epvt9o,assets/episode-art/158-tecmo-baseball.jpg,episodes/158-tecmo-baseball.md,,"Manage your own team to the series championship. Even create your own All-Star Game!  It's your call - from the starting lineup to the bottom of the ninth. Every diving catch. Every base-stealing slide. Every pitch, hit and run!  SHOW NOTES  Tecmo Baseball Longplay  Tecmo Baseball Manual  Tecmo Super Baseball  You can't say Super Bowl  IS NES BASEBALL HAUNTED?"
episode,157,STAR SOLDIER,2021-02-12,3500,https://anchor.fm/s/5808ab8/podcast/play/25889277/https%3A%2F%2Fd3ctxlq1ktw2nl.cloudfront.net%2Fstaging%2F2021-0-29%2F14380340-cb44-17b3-d332-1f8a03113daa.mp3,https://podcasters.spotify.com/pod/show/nestalgia/episodes/157---STAR-SOLDIER-epkj1t,assets/episode-art/157-star-soldier.jpg,episodes/157-star-soldier.md,,"A strange and evil presence is lurking in space. Crushing everything in its path, destroying spaceships full of innocent people, the brutal Starbrain is threatening the entire Galactic Empire.  SHOW NOTES  Star Soldier Longplay  Star Soldier Manual  Star Force Gameplay  Star Force Episode  Takahashi Meijin Interview  Super Star Soldier  Final Soldier  Soldier Blade  Star Parodia  Star Soldier: Vanishing Earth  Star Solider (2003)  Star Soldier R"
episode,156,Sesame Street 123,2021-02-05,2489,https://anchor.fm/s/5808ab8/podcast/play/25571888/https%3A%2F%2Fd3ctxlq1ktw2nl.cloudfront.net%2Fstaging%2F2021-0-22%2Ffeb1baf8-9333-1dbb-303d-13399a89103e.mp3,https://podcasters.spotify.com/pod/show/nestalgia/episodes/156---Sesame-Street-123-epat3g,assets/episode-art/156-sesame-street-123.jpg,episodes/156-sesame-street-123.md,,This math-based learning title for Ages 3 to 6 featuring Sesame Street characters. Sesame Street 1 2 3 includes a compilation of 2 previously released games.  SHOW NOTES  Sesame Street 1-2-3 Longplay  Sesame Street Location (Upper West Side somehow)  Sora's Keyblade was originally Riku's
episode,155,BOMBERMAN,2021-01-29,3937,https://anchor.fm/s/5808ab8/podcast/play/25570067/https%3A%2F%2Fd3ctxlq1ktw2nl.cloudfront.net%2Fstaging%2F2021-0-22%2F7cadea23-7b6a-25af-16f5-113093600dab.mp3,https://podcasters.spotify.com/pod/show/nestalgia/episodes/155---BOMBERMAN-eparaj,assets/episode-art/155-bomberman.jpg,episodes/155-bomberman.md,,Bomberman was a robot in a bomb making factory who longed for his freedom. Rumors circulated that escaping to the surface would allow the robot to become human. Getting out would be the trick. Each room is inhabited by monsters that must be neutralized and the exit itself hidden underneath bricks.  SHOW NOTES  Bomberman Longplay  Bomberman Manual  Shinichi Nakamoto and his 72 hour port  List of Bomberman games  Super Bomberman 2 (The one Mike recommends)  Bomberman Act Zero Trailer (THE EDGE!!!)
special,4,BEST OF 1988,2021-01-22,6748,https://anchor.fm/s/5808ab8/podcast/play/25382967/https%3A%2F%2Fd3ctxlq1ktw2nl.cloudfront.net%2Fstaging%2F2021-0-25%2F71282b7c-582e-2081-b792-365b2f46681b.mp3,https://podcasters.spotify.com/pod/show/nestalgia/episodes/S04---BEST-OF-1988-ep54jn,assets/episode-art/s004-best-of-1988.jpg,episodes/specials/s004-best-of-1988.md,,"Once again, it's time for the best of celebration! Season 4 (1988) is officially complete and now Mike, Sean, Joe, and Sam will recap the highlights and reveal the TOP 10 GAMES of 1988. Who will take the #1 spot?"
episode,154,Zelda II: The Adventure of Link,2021-01-15,7019,https://anchor.fm/s/5808ab8/podcast/play/24902492/https%3A%2F%2Fd3ctxlq1ktw2nl.cloudfront.net%2Fstaging%2F2021-0-8%2F3aaf6955-fa42-d048-3674-af7b6304a369.mp3,https://podcasters.spotify.com/pod/show/nestalgia/episodes/154---Zelda-II-The-Adventure-of-Link-eomfcs,assets/episode-art/154-zelda-ii-the-adventure-of-link.jpg,episodes/154-zelda-ii-the-adventure-of-link.md,,"The land of Hyrule is in chaos. As Link you'll be sent on a treacherous journey to return six precious Crystals to their origins in six stone statues. Only by defeating the guardians of the six palaces will you gain passage to the seventh Palace, take on the ultimate challenge that awaits you and wake the Princess Zelda from her sleeping spell. On your way, helpful villagers you encounter will offer clues and secret messages invaluable in your quest. As you guide Link through the levels of Hyrule, close-ups and overviews will enhance your video vision.Are you up to the challenge?  SHOW NOTES  Zelda II Longplay  2 hour Legend of Zelda 1 episode  Tadashi Sugiyama Development Interview  Shigeru Miyamoto's 'Bad' Game  Dark Link OOT fight  Adventure of Link in N64 engine?"
episode,153,XENOPHOBE,2021-01-08,2360,https://anchor.fm/s/5808ab8/podcast/play/24350542/https%3A%2F%2Fd3ctxlq1ktw2nl.cloudfront.net%2Fstaging%2F2020-11-23%2Ffb247e1a-88c7-9dd8-89bf-40dd59bfe9f3.mp3,https://podcasters.spotify.com/pod/show/nestalgia/episodes/153---XENOPHOBE-eo5kce,assets/episode-art/153-xenophobe.jpg,episodes/153-xenophobe.md,,"Xenos. The very name strikes fear into every colonist's heart. A distress call is received from space stations orbiting your homeworld, then silence. A single ship escapes, piloted by a battered man who tells the tale of pods that hatch into acid-spitting Xenos. A small band of engineers has been dispatched to combat the Xeno threat before it takes over all the space stations and, eventually, your homeworld.   SHOW NOTES  Xenophobe Longplay  Xenophobe Arcade  Xenophobe Lynx Commercial  ALIENS affect on Video Games  Why are Aliens green?"
episode,152,Superman,2021-01-01,3257,https://anchor.fm/s/5808ab8/podcast/play/24312704/https%3A%2F%2Fd3ctxlq1ktw2nl.cloudfront.net%2Fstaging%2F2020-11-22%2Ffe61aaef-8f84-9be9-545b-d70e195e43e3.mp3,https://podcasters.spotify.com/pod/show/nestalgia/episodes/152---Superman-eo4fe0,assets/episode-art/152-superman.jpg,episodes/152-superman.md,,"WHEREVER THERE'S TROUBLE IN THE GREAT CITY OF METROPOLIS, SUPERMAN SOARS INTO ACTION. THE INCREDIBLE HERO FROM THE DOOMED PLANET FIGHTS AN NEVER-ENDING BATTLE AGAINST ALL MANNER OF EVIL MEN AND MONSTERS WHO THREATEN OUR WORLD'S SAFETY AND SECURITY.  SHOW NOTES  Chibi Superman Longplay  Superman on Atari 2600   Superman: The Game  The good Superman 1988 game  Superman 64 (New Adventures of Superman)  Superman Returns Game  All Star Superman  Jay Falk  Zodd gets his neck snapped  Spider-Man 2  Arkham Asylum  Infamous  Superman Theme Song  Batman Theme (1989 film) - FF7 Overworld Theme"
episode,151,Skate or Die,2020-12-25,2545,https://anchor.fm/s/5808ab8/podcast/play/24306568/https%3A%2F%2Fd3ctxlq1ktw2nl.cloudfront.net%2Fstaging%2F2020-11-22%2F1411f6aa-d383-122c-3572-a9309a5bc1d2.mp3,https://podcasters.spotify.com/pod/show/nestalgia/episodes/151---Skate-or-Die-eo49e8,assets/episode-art/151-skate-or-die.jpg,episodes/151-skate-or-die.md,,"Smokin' the half-pipe: Roar down the ramp and fly up the other side. Live on the edge where yo go for rock'n rolls, hand plants, leg plants, rail-slides, even methods. Get airborne for 720's, ollies, front & backside aerials, and tweaks.  SHOW NOTES  Skate or Die Longplay  720  Rodney Dangerfield  EA vs Epyx vs Atari  Ski or Die  Skate or Die 2  Skate or Die: Bad 'N Rad  Skate or Die: Tour de Thrash  Cancelled Reboot in 2002"
episode,150,ROBOWARRIOR,2020-12-18,3261,https://anchor.fm/s/5808ab8/podcast/play/23801408/https%3A%2F%2Fd3ctxlq1ktw2nl.cloudfront.net%2Fstaging%2F2020-11-10%2Fc1902a1e-9860-ad37-cdb7-cc014a89941a.mp3,https://podcasters.spotify.com/pod/show/nestalgia/episodes/150---ROBOWARRIOR-enks40,assets/episode-art/150-robowarrior.jpg,episodes/150-robowarrior.md,,"THANK YOU FOR LISTENING TO 150+ EPISODES OF NESTALGIA  You're Zed, half man, half cyborg. The one-man battalion with a human heart and a computer's brain.   SHOW NOTES  Robowarrior Longplay  Bomber King full Theme Song  The Bomberman connection  Blaster Master Jr.  Zed's dead baby  Tips and Tricks Magazine"
episode,149,RAMPAGE,2020-12-11,3481,https://anchor.fm/s/5808ab8/podcast/play/23562564/https%3A%2F%2Fd3ctxlq1ktw2nl.cloudfront.net%2Fstaging%2F2020-11-5%2Fb9f9caae-31fb-0104-01b6-70f47928da9d.mp3,https://podcasters.spotify.com/pod/show/nestalgia/episodes/149---RAMPAGE-endis4,assets/episode-art/149-rampage.jpg,episodes/149-rampage.md,,FEELING FRUSTRATED? WANT TO CUT LOOSE? THEN GO ON A RAMPAGE!  SHOW NOTES  Rampage NES Longplay  Rampage Arcade  Rampage Atari Lynx Version  Developer Tweet  Rampage: World Tour  Rampage 2: Universal Tour  Rampage Through Time  Rampage Puzzle Attack  Rampage: Total Destruction  Rampage Movie Trailer  Spy hunter film  Tetris trilogy  War of the monsters  Godzilla: Destroy All Monsters Melee  Pacific Rim Trailer
episode,148,Platoon,2020-12-04,3767,https://anchor.fm/s/5808ab8/podcast/play/23272628/https%3A%2F%2Fd3ctxlq1ktw2nl.cloudfront.net%2Fstaging%2F2020-10-29%2F5faed395-98cb-cba1-a183-3efab9f44393.mp3,https://podcasters.spotify.com/pod/show/nestalgia/episodes/148---Platoon-en4nnk,assets/episode-art/148-platoon.jpg,episodes/148-platoon.md,,"IN the jungle, everything is invisible. Including the enemy. Suddenly, a firefight explodes all around you. That's jungle combat as you saw it in the movie Platoon.  Now, Sunsoft's Platoon takes you right into the action, You'll fight for your life against deadly guerrillas and hidden snipers, always on guard against the booby traps and napalm air strikes that could end it all in an instant. Jungle combat, as close as you'll ever want to get to the real thing.  You've got it right in the palm of your hand.  SHOW NOTES  Platoon NES Longplay  Platoon RTS  Platoon Trailer  Golgo 13 Episode"
episode,147,Paperboy,2020-11-27,3176,https://anchor.fm/s/5808ab8/podcast/play/22985049/https%3A%2F%2Fd3ctxlq1ktw2nl.cloudfront.net%2Fstaging%2F2020-10-29%2F2698a9bb-0011-1911-1c8c-2b4f0c782c11.mp3,https://podcasters.spotify.com/pod/show/nestalgia/episodes/147---Paperboy-emrusp,assets/episode-art/147-paperboy.jpg,episodes/147-paperboy.md,,"Hop on your bike for a free-wheeling ride up the avenues of not-so-typical suburbia. There are papers to be delivered, robbers to be foiled, and fame and fortune to be won as you brave the mean streets. Avoid motorcycles, tricycles, traffic, tires, gratings, curbs, dogs, skateboarders, breakdancers, bad guys, and other hazards as you deliver to your customers. Earn bonus points by hitting targets along the obstacle course at the end of your route. With superb animation and sound effects, Paperboy brings home all the thrills, spills, challenge, and excitement you loved in the arcades.   SHOW NOTES  Paperboy Longplay  Paperboy Arcade Tour  Paperboy 64  Mike's favorite version of Paperboy  GDC lecture on Paperboy by Co-Creator"
episode,146,OTHELLO,2020-11-20,3408,https://anchor.fm/s/5808ab8/podcast/play/22214852/https%3A%2F%2Fd3ctxlq1ktw2nl.cloudfront.net%2Fstaging%2F2020-10-6%2F678e7ce7-7b94-dfde-15b6-ef837a9b94ef.mp3,https://podcasters.spotify.com/pod/show/nestalgia/episodes/146---OTHELLO-em4eo4,assets/episode-art/146-othello.jpg,episodes/146-othello.md,,"A Minute to Learn…A Lifetime to Master  Black and White. The battle of opposites…as old as time itself…comes to life in Othello. Its origins are part Western, part Eastern. Othello is face-paced, as easy to learn as checkers, yet as fascinating as chess.  SHOW NOTES  Othello NES Longplay  History of Reversi  Othello AI  Othello World Championships  First Computer Chess Match EVER   Pictionary OST (but still listen to the episode)"
episode,145,Indiana Jones and the Temple of Doom,2020-11-13,3884,https://anchor.fm/s/5808ab8/podcast/play/21947682/https%3A%2F%2Fd3ctxlq1ktw2nl.cloudfront.net%2Fstaging%2F2020-10-1%2F1c0f0837-40b3-c048-be95-957315c83150.mp3,https://podcasters.spotify.com/pod/show/nestalgia/episodes/145---Indiana-Jones-and-the-Temple-of-Doom-els9r2,assets/episode-art/145-indiana-jones-and-the-temple-of-doom.jpg,episodes/145-indiana-jones-and-the-temple-of-doom.md,,"So you want to wear Indy's Stetson hat? Dress up in his beat up leather jacket? Snap his trusty bull-whip? And go on the most exciting adventure of your life? Well, here's your chance!  Penetrate deep into the Temple of Doom to free enslaved children and recover the sacred Sankara Stones.  Fight your way through treacherous caverns, twisting tunnels, narrow ledges and fiery chasms. Take on Thuggee guards, giant spiders and dive-bombing bats.  Survive all this and you'll meet the evil High Priest, Mola Ram, on the dangling rope bridge for a battle to the death!  SHOW NOTES  Temple of Doom Longplay  Temple of Doom Arcade  Raiders of the Lost Ark 2600  Young Indiana Jones Trailer  Indiana Jones and his Desktop Adventures  Indiana Jones and the Staff of Kings"
episode,144,BLADES OF STEEL,2020-11-06,2650,https://anchor.fm/s/5808ab8/podcast/play/20997082/https%3A%2F%2Fd3ctxlq1ktw2nl.cloudfront.net%2Fstaging%2F2020-9-15%2F118694119-44100-2-8db89b6c01019.m4a,https://podcasters.spotify.com/pod/show/nestalgia/episodes/144---BLADES-OF-STEEL-ekv9gq,assets/episode-art/144-blades-of-steel.jpg,episodes/144-blades-of-steel.md,,"Blades of Steel are in reference to the blades on their skates, not the sticks they use to shoot the puck.  SHOW NOTES  Blades of Steel Longplay  Blades of Steel Manual  ICE HOCKEY EPISODE  NHL Video Game Power Rankings (Bleacher Report)"
episode,143,CASTLEVANIA II: SIMON'S QUEST,2020-10-31,3455,https://anchor.fm/s/5808ab8/podcast/play/21631343/https%3A%2F%2Fd3ctxlq1ktw2nl.cloudfront.net%2Fstaging%2F2020-9-25%2F62ff6b33-f1e9-f869-b479-53e619ac7419.mp3,https://podcasters.spotify.com/pod/show/nestalgia/episodes/143---CASTLEVANIA-II-SIMONS-QUEST-eliktf,assets/episode-art/143-castlevania-ii-simons-quest.jpg,episodes/143-castlevania-ii-simons-quest.md,,"Castlevania was a cake walk compared to this bloody curse.  You thought you had the Prince of Darkness defanged - eh, Simon Belmont?  Well think again, 'cause according to a damsel in distress, evil Count Dracula has left a horrifying curse in his wake. And the only hope you have of ending the terror is to destroy his missing body parts!  Talk about your frightening quest, searching a maze of mansions, graveyards and dark eerie forests - each guarded by man-eating werewolves, fire-throwing zombies and other devilish demons.  Your grim chances are kept alive in Transylvania, where cowardly villagers offer clues to the whereabouts of Dracula's remains. And where you'll purchase magic weapons, including silver knives and flame whips.  But beware the night. For when the sun disappears, Dracula's curse grows deadlier. And your chances grow dimmer and dimmer.   SHOW NOTES  CASTLEVANIA EPISODE  Castlevania 2 Tiger LCD  Castlevania 2 Tiger Watch  LOOK WHAT THEY DID TO MY BOY  AVGN  The Maze of Galious"
episode,142,BUMP 'N' JUMP,2020-10-23,2010,https://anchor.fm/s/5808ab8/podcast/play/21161272/https%3A%2F%2Fd3ctxlq1ktw2nl.cloudfront.net%2Fstaging%2F2020-9-15%2F2bef07c8-ff44-0c34-7c48-bbc5c17c2e8b.mp3,https://podcasters.spotify.com/pod/show/nestalgia/episodes/142---BUMP-N-JUMP-el49ro,assets/episode-art/142-bump-n-jump.jpg,episodes/142-bump-n-jump.md,,"Bump 'N' Jump is an action racing game played from a top down point of view. As you race through the treacherous and ever changing roadways, the numerous enemy cars will be trying to bump you off the road. You need to make sure you bump the cars out of the way before you get bumped and crash into the sides yourself!  SHOW NOTES  Bump N Jump Longplay  Manual  Spy Hunter Episode  240 Quarters  Robert Moses  City Connection Visual"
episode,141,Bionic Commando,2020-10-16,3269,https://anchor.fm/s/5808ab8/podcast/play/20991830/https%3A%2F%2Fd3ctxlq1ktw2nl.cloudfront.net%2Fstaging%2F2020-9-12%2Fb11bb7da-08d7-b902-c9da-f26d39d41a6f.mp3,https://podcasters.spotify.com/pod/show/nestalgia/episodes/141---Bionic-Commando-ekv4cm,assets/episode-art/141-bionic-commando.jpg,episodes/141-bionic-commando.md,,Get set for rapid fire action as you're transformed into the Bionic Commando. This best-seller from Capcom is a dynamic adaptation of the original arcade classic. Expect an onslaught of challenges and extraordinary graphics when you battle enemy forces in their futuristic lands. Your powerful extending bionic arm and incredible arsenal of weapons gives you all you need to become an unstoppable one-man army.  SHOW NOTES  Bionic Commando NES Longplay  Bionic Commando Manual  Bionic Commando GameBoy  Bionic Commando: Elite Forces  Bionic Commando ReArmed  Bionic Commando ReArmed 2  Bionic Commando (2009)  World of Power  Commando
episode,140,SUPER TEAM GAMES,2020-10-09,2853,https://anchor.fm/s/5808ab8/podcast/play/20305762/https%3A%2F%2Fd3ctxlq1ktw2nl.cloudfront.net%2Fstaging%2F2020-8-28%2F899e159d-4a28-13d7-57e5-4b9dc3ecf685.mp3,https://podcasters.spotify.com/pod/show/nestalgia/episodes/140---SUPER-TEAM-GAMES-eka6d2,assets/episode-art/140-super-team-games.jpg,episodes/140-super-team-games.md,,"Super Team Games is a side scrolling game where two players compete in races on an obstacle course. The game utilizes the Nintendo Power Pad; to control your on screen character you will need to run in place on the Power Pad to make your character run, and actually jump to make him jump.  SHOW NOTES  Super Team Games Longplay  PowerPad Commercial  Tony Hawk Shred  Wii Fit  NES DDR Might Exist?  Eyetoy Demo  Nintendo Power #3  Active Life (Spiritual Successor on Wii)"
episode,139,SUPER MARIO BROS / DUCK HUNT,2020-10-02,3066,https://anchor.fm/s/5808ab8/podcast/play/19820270/https%3A%2F%2Fd3ctxlq1ktw2nl.cloudfront.net%2Fstaging%2F2020-8-18%2F57558d8a-61fa-22d4-adfb-01e0e1b821f8.mp3,https://podcasters.spotify.com/pod/show/nestalgia/episodes/139---SUPER-MARIO-BROS--DUCK-HUNT-ejrc9e,assets/episode-art/139-super-mario-bros-duck-hunt.jpg,episodes/139-super-mario-bros-duck-hunt.md,,Hot off the heels of our Super Mario Bros. 2 episode we finally take the time to review Super Mario Bros. 2!  SHOW NOTES  Episode 4 - DUCK HUNT  Episode 17 - SUPER MARIO BROS.  NES ACTION PACK  Super Mario Bros. 2 Japan Longplay  World D
episode,138,DR. CHAOS,2020-09-25,2935,https://anchor.fm/s/5808ab8/podcast/play/19947855/https%3A%2F%2Fd3ctxlq1ktw2nl.cloudfront.net%2Fstaging%2F2020-8-21%2F4fb1b81c-e564-2d14-2b50-50e07b2dd70d.mp3,https://podcasters.spotify.com/pod/show/nestalgia/episodes/138---DR--CHAOS-ejv8sf,assets/episode-art/138-dr-chaos.jpg,episodes/138-dr-chaos.md,,"The warp zone experiments of the brilliant Dr. Chaos have gone horribly wrong. They've unleashed armies of bloodthirsty creatures, trapping him in his remote research facility. Now only his brother Michael can rescue him.  To succeed, Michael must brave a haunted house filled with vicious monsters. Can he fight his way through dangerous passageways? Track down the concealed weapons? Find the secret vials of strength? And assemble the ultimate weapon, Canbarian?  SHOW NOTES  Dr. Chaos Longplay  The Real Dr. Chaos"
episode,137,Cobra Command,2020-09-18,2362,https://anchor.fm/s/5808ab8/podcast/play/19077148/https%3A%2F%2Fd3ctxlq1ktw2nl.cloudfront.net%2Fstaging%2F2020-8-4%2Ff0931329-645a-4071-ccc8-81090637e470.mp3,https://podcasters.spotify.com/pod/show/nestalgia/episodes/137---Cobra-Command-ej4mis,assets/episode-art/137-cobra-command.jpg,episodes/137-cobra-command.md,,"The most advanced Cobra attack helicopter ever built is at your command! You'll fly alone into a deadly no-man's land where enemy choppers, tanks, soldiers, cannons, and warships are all aiming to blast you out of the sky. Helpless hostages are counting on your to rescue them, as you make your way to enemy headquarters for your final assault!  Show Notes  NEStalgia Twitter  Cobra Command Longplay  Choplifter  Munich Massacre"
episode,136,BUBBLE BOBBLE,2020-09-11,3469,https://anchor.fm/s/5808ab8/podcast/play/18823204/https%3A%2F%2Fd3ctxlq1ktw2nl.cloudfront.net%2Fstaging%2F2020-7-30%2F5e848466-23eb-34b7-f9b8-7a47c249b260.mp3,https://podcasters.spotify.com/pod/show/nestalgia/episodes/136---BUBBLE-BOBBLE-eisuj4,assets/episode-art/136-bubble-bobble.jpg,episodes/136-bubble-bobble.md,,"Bubble Bobble is the story of two humans, Bub and Bob who wander into the mysterious cave of monsters and magically turn into dinosaurs. The only way to transform back is to reach the end of the cave...  SHOW NOTES  Bubble Bobble NES Gameplay  Update Day - Nirvana The Band The Show  Bust-A-Move  MTJ Interview  Rainbow Islands  Bubble Bobble Part 2  Bubble Symphony  Final Bubble Bobble"
episode,135,BLASTER MASTER,2020-09-04,4653,https://anchor.fm/s/5808ab8/podcast/play/19029521/https%3A%2F%2Fd3ctxlq1ktw2nl.cloudfront.net%2Fstaging%2F2020-8-3%2F2c61d185-c91d-66b3-20bf-bfb71bfe0deb.mp3,https://podcasters.spotify.com/pod/show/nestalgia/episodes/135---BLASTER-MASTER-ej382h,assets/episode-art/135-blaster-master.jpg,episodes/135-blaster-master.md,,"The New York sewers were never like this!  You've fallen down a hidden manhole into a world of creatures so terrifying they’d scare the rats away. You can panic and perish, or blast your way through an endless maze of tunnels, searching for the secret passages to your escape. And that’s the easy part. Because the Masters of the Caverns lay waiting - prehistoric creatures so powerful, so gigantic, they literally fill your screen! So load your arsenal and get ready for Blaster Master.   SHOW NOTES  Blaster Master NES Gameplay  Blaster Master 2  Blaster Master Boy  Blaster Master: Blasting Again  Blaster Master: Overdrive  Blaster Master Zero  Blaster Master & Scholastic  April Fools!  Yoshiaki Iwata Interview"
episode,134,ANTICIPATION,2020-08-28,2858,https://anchor.fm/s/5808ab8/podcast/play/17878247/https%3A%2F%2Fd3ctxlq1ktw2nl.cloudfront.net%2Fstaging%2F2020-7-11%2F99434ab0-62bc-61ac-3df5-25f3fcaa1326.mp3,https://podcasters.spotify.com/pod/show/nestalgia/episodes/134---ANTICIPATION-ei03p7,assets/episode-art/134-anticipation.jpg,,,"Bored with board games? Tired of pursuing trivia? Had your fill of ethical questions? Then you’re ready for ANTICIPATION. This zany, unpredictable, totally wacked-out video board game begins with a giant connect-the-dots puzzle. Suddenly, a video pencil starts connecting the dots and, before you know it, you’re in a maddening race against the clock, trying to solve the puzzle."
episode,133,SUPER MARIO BROS. 2,2020-08-21,4512,https://anchor.fm/s/5808ab8/podcast/play/17455432/https%3A%2F%2Fd3ctxlq1ktw2nl.cloudfront.net%2Fstaging%2F2020-7-2%2F5d412ff2-4921-21b6-0cb7-ddccbc05d2cd.mp3,https://podcasters.spotify.com/pod/show/nestalgia/episodes/133---SUPER-MARIO-BROS--2-ehj6s8,assets/episode-art/133-super-mario-bros-2.jpg,episodes/133-super-mario-bros-2.md,,"This time it's a fierce action-packed battle to free the land of Subcon from the curse of the evil Wart. It's up to you, along with Mario, Luigi, Toad and the Princess, to fight your way through bizarre multi-level worlds and find him! This time you've got a brand new kind of power - plucking power - and now anything you find can be a weapon. But beware! You've never seen creatures like these! Shyguys and Tweeters! Ninji and Beezos! And you've never had an adventure like this! Only cunning and speed can save you now...  SHOW NOTES  Super Mario Bros. 2 Gameplay  Doki Doki Panic  Super Mario Bros. 2 Japan  Super Mario All-Stars (SMB2)  BS Super Mario USA Power Challenge  Super Mario Advance  Super Mario Bros. Super Show (Mouser Clip)  The Story of Super Mario Bros. 2"
episode,132,SPY VS SPY,2020-08-14,3280,https://anchor.fm/s/5808ab8/podcast/play/17212402/https%3A%2F%2Fd3ctxlq1ktw2nl.cloudfront.net%2Fstaging%2F2020-6-28%2F5469a9e3-8b8a-3358-ac88-a4f43410e79b.mp3,https://podcasters.spotify.com/pod/show/nestalgia/episodes/132---SPY-VS-SPY-ehbphi,assets/episode-art/132-spy-vs-spy.jpg,episodes/132-spy-vs-spy.md,,"The black spy and the white spy are out to outsmart each other before the time bell rings. Find the needed objects (money, passport, secret plans and airport door key) by searching rooms in the embassy, which include desks, file cabinets and other furniture. Foil your opponent by setting creative booby traps in the various rooms (a bomb in a dresser drawer, for instance). Traps can be disarmed with objects found in rooms (a water bucket from a firebox on the wall will disarm the bomb in the prior example). When all the items are together in the secret briefcase, head for the airport door.  SHOW NOTES  Spy VS Spy Longplay  Spy vs Spy II: The Island Caper  Spy vs. Spy III: Arctic Antics  Spy vs Spy (2005)  Mountain Dew Commercial  Spy vs Spy (TV Show)  Mad Magazine #60 (First appearance of Spy vs Spy)"
episode,131,Seicross,2020-08-07,2110,https://anchor.fm/s/5808ab8/podcast/play/17212881/https%3A%2F%2Fd3ctxlq1ktw2nl.cloudfront.net%2Fstaging%2F2020-6-28%2F389d9860-d226-575c-fc80-2c9c00734965.mp3,https://podcasters.spotify.com/pod/show/nestalgia/episodes/131---Seicross-ehbq0h,assets/episode-art/131-seicross.jpg,episodes/131-seicross.md,,"Two different tribes existed on planet Colura, the Petras and the Basrah. The Basrah were aggressors and eventually drove the Petra underground. However many Petra survivors were trapped on the surface of the planet. To that end, a rescue bike named the Gilgitt Petras was created. It must venture up to the surface and save as many Petras as possible.  SHOW NOTES  Seicross Longplay  Seicross Manual  BASED ON A TRUE STORY  TRON LIGHT CYCLE"
episode,130,RACKET ATTACK,2020-07-31,2777,https://anchor.fm/s/5808ab8/podcast/play/16332281/https%3A%2F%2Fd3ctxlq1ktw2nl.cloudfront.net%2Fstaging%2F2020-6-9%2F924e3840-5a0b-b3c0-f285-3bfd63c72084.mp3,https://podcasters.spotify.com/pod/show/nestalgia/episodes/130---RACKET-ATTACK-eggu1p,assets/episode-art/130-racket-attack.jpg,episodes/130-racket-attack.md,,"This is no amateur hour. This one's for keeps. The national finals. Will you play tough enough to hear the umpire call ""point, set, match!"" A million eyes bore into you from the stands. Moments to start... RACKET ATTACK  SHOW NOTES  Racket Attack Longplay  Racket Attack Manual  Moero 6!! Shin Moero!! Pro Yakyuu  Moero 7!! Juudou Warriors  Tennis Elbow Manager 2"
episode,129,PAC-MAN,2020-07-24,3014,https://anchor.fm/s/5808ab8/podcast/play/16839093/https%3A%2F%2Fd3ctxlq1ktw2nl.cloudfront.net%2Fstaging%2F2020-6-20%2Fd0d50bfb-69c9-1f30-acd8-b17a3b92bcbc.mp3,https://podcasters.spotify.com/pod/show/nestalgia/episodes/129---PAC-MAN-eh0cvl,assets/episode-art/129-pac-man.jpg,episodes/129-pac-man.md,,"One of the most popular and influential games of the 1980's, Pac-Man stars a little, yellow dot-muncher who works his way around to clear a maze of the various dots and fruit which inhabit the board.  SHOW NOTES  Pac-Man NES  Tengen and Nintendo Lawsuit  Super Bowl Pac-Man Ad  Baby Pac-Man (pinball/arcade)  Professor Pac-Man  Pac-Man World  Pac-Man Championship Edition DX  Pac-Man Championship Edition DX NES VERSION!  Pac-Man TV Show  Pac-Man Fever (song)  Pac-Man Cereal"
episode,128,MILLIPEDE,2020-07-17,2138,https://anchor.fm/s/5808ab8/podcast/play/16705156/https%3A%2F%2Fd3ctxlq1ktw2nl.cloudfront.net%2Fstaging%2F2020-6-17%2F674e8ebb-9721-b4de-2425-b737bccff621.mp3,https://podcasters.spotify.com/pod/show/nestalgia/episodes/128---MILLIPEDE-egsa64,assets/episode-art/128-millipede.jpg,episodes/128-millipede.md,,"Millipedes, cousins of the Centipede, are all over the garden. This will ruin anything trying to grow there unless they are stopped. But there are other insects as well; spiders, bees, dragonflies and earwigs. Nature is dangerous. Luckily, there's a bug zapper that can shoot arrows at these insects and destroy them.  SHOW NOTES  Millipede NES Longplay  Millipede Manual  Centipede (Arcade)  Centipede 1998 (PC)  Centipede Infestation (Wii)  HAL and IBM?  IBM Millipede Memory"
episode,127,MICKEY MOUSECAPADE,2020-07-10,2774,https://anchor.fm/s/5808ab8/podcast/play/16241100/https%3A%2F%2Fd3ctxlq1ktw2nl.cloudfront.net%2Fproduction%2F2020-6-7%2F88289903-44100-1-01d488a7985c9.mp3,https://podcasters.spotify.com/pod/show/nestalgia/episodes/127---MICKEY-MOUSECAPADE-ege50c,assets/episode-art/127-mickey-mousecapade.jpg,episodes/127-mickey-mousecapade.md,,"One of Mickey's friends is in trouble, and Mickey and Minnie Mouse are on a rescue mission! Mickey Mousecapade is an action platform game. In order to reach your goal (and find out which of Mickey's friends is in trouble), you'll need to jump and climb your way through various levels which take place in different locations (including a fun house, a treacherous sea side, a pirate ship, and a castle).  SHOW NOTES  Mickey Mousecapade NES LongPlay  Famicom Version  IGN rates it 89th Best NES Game  Hidden Mickey on the cart  Bugs Bunny or Mickey Mouse or Garfield or Ghostbusters?"
episode,126,MAGMAX,2020-07-03,2416,https://anchor.fm/s/5808ab8/podcast/play/15989941/https%3A%2F%2Fd3ctxlq1ktw2nl.cloudfront.net%2Fproduction%2F2020-6-1%2F86887995-44100-1-7dd6f5026b2bd.mp3,https://podcasters.spotify.com/pod/show/nestalgia/episodes/126---MAGMAX-eg6fnl,assets/episode-art/126-magmax.jpg,episodes/126-magmax.md,,"An alien menace has attacked the worlds of civilization and laid waste to their planets. However before the being conquered, a group of scientists has managed to create one last weapon and hidden it underground. The name of the weapon is Mag Max and only it might be able to defeat the alien invaders. Mag Max however is incomplete and for security reasons, his component parts are scattered across the land. Through their collection, Mag Max's strength increases.  SHOW NOTES  MagMax Longplay  Arcade Archives Port  LUFTRAUSERS"
episode,125,JOUST,2020-06-26,2357,https://anchor.fm/s/5808ab8/podcast/play/15652062/https%3A%2F%2Fd3ctxlq1ktw2nl.cloudfront.net%2Fproduction%2F2020-5-24%2F84962074-44100-2-edb2f5b7a2918.mp3,https://podcasters.spotify.com/pod/show/nestalgia/episodes/125---JOUST-efs5ou,assets/episode-art/125-joust.jpg,episodes/125-joust.md,,Climb into a suit of armor and grab your lance--you're entering the medieval world of JOUST! Fly your faithful ostrich steed into battle against the fearless Buzzard Riders. But hold on tight--they'll knock you off your bird if they can!  SHOW NOTES  Joust NES Longplay  The Making of Joust  Joust 2: Survival of the Fittest  Cancelled Joust N64 Game  Joust Movie Details
episode,124,GHOSTBUSTERS,2020-06-19,3780,https://anchor.fm/s/5808ab8/podcast/play/15370557/https%3A%2F%2Fd3ctxlq1ktw2nl.cloudfront.net%2Fproduction%2F2020-5-18%2F83345986-44100-1-8a509003f8fc8.mp3,https://podcasters.spotify.com/pod/show/nestalgia/episodes/124---GHOSTBUSTERS-efjirt,assets/episode-art/124-ghostbusters.jpg,episodes/124-ghostbusters.md,,"Catch those ghosts, and confront the ominous Marshmallow Man. Use your Laser Stream Throwers, ectomobiles and lots of other ghost-catching gear. So come on. Show 'em how they do it downtown.   SHOW NOTES  Developer Interviewer  Japanese Ending to Ghostbusters  Ghostbusters NES Longplay  THE REAL GHOSTBUSTERS - Arcade 1987  Extreme Ghostbusters  Ghostbusters - 2009 360/PS3  Ghostbusters - 2016 PS4/XBONE"
episode,123,DONKEY KONG CLASSICS,2020-06-12,2827,https://anchor.fm/s/5808ab8/podcast/play/14991398/https%3A%2F%2Fd3ctxlq1ktw2nl.cloudfront.net%2Fproduction%2F2020-5-10%2F81073292-44100-1-2fc1755a123b2.mp3,https://podcasters.spotify.com/pod/show/nestalgia/episodes/123---DONKEY-KONG-CLASSICS-ef80j6,assets/episode-art/123-donkey-kong-classics.jpg,episodes/123-donkey-kong-classics.md,,"In DONKEY KONG you’ll duck barrel bombs and flaming fireballs as you help Mario save his girlfriend Pauline from the clutches of Donkey Kong. In DONKEY KONG JR., you’ll join forces with these madcap monkeys to help Donkey Kong Jr. rescue his father from Mario’s prison. Are you ready for laughter? You’d better be. Because this double dose of monkey business will have you rolling in the aisles!   Show Notes  Donkey Kong Classics Menu  Episode 18 - Donkey Kong  Episode 19 - Donkey Kong Jr.  Chrono Trigger Versions  Cranky Kong is Donkey Kong  More evidence Cranky Kong is Donkey Kong  Donkey Kong Jr. Cereal"
episode,122,1943: The Battle of Midway,2020-06-05,2710,https://anchor.fm/s/5808ab8/podcast/play/14761734/https%3A%2F%2Fd3ctxlq1ktw2nl.cloudfront.net%2Fproduction%2F2020-5-5%2F79641554-44100-1-4ce3e091e1f69.mp3,https://podcasters.spotify.com/pod/show/nestalgia/episodes/122---1943-The-Battle-of-Midway-ef10a6,assets/episode-art/122-1943-the-battle-of-midway.jpg,episodes/122-1943-the-battle-of-midway.md,,"The most crucial and decisive battle of World War Ills about to be fought. .. by you! Enemy forces are descending upon Midway Island. Enemy bombers, dive bombers, and zeros are roaring over the island like a typhoon. The surrounding Pacific waters are teeming with enemy aircraft carriers.  SHOW NOTES  Manual  1943 NES Gameplay  The Battle of Midway (For true immersion)  1943: The Battle of Midway Mark II  1941: Counter Attack  19XX: The War Against Destiny  1944: The Loop Master"
episode,121,XEVIOUS: THE AVENGER,2020-05-29,3132,https://anchor.fm/s/5808ab8/podcast/play/14272854/https%3A%2F%2Fd3ctxlq1ktw2nl.cloudfront.net%2Fproduction%2F2020-4-25%2F76530669-44100-2-e3aaedd9b5282.mp3,https://podcasters.spotify.com/pod/show/nestalgia/episodes/121---XEVIOUS-THE-AVENGER-eei2sm,assets/episode-art/121-xevious-the-avenger.jpg,episodes/121-xevious-the-avenger.md,,"The Xevians are returning to claim the Earth as their own. Only you and your sensational Solvalu super ship can hope to penetrate their defenses and save the planet. Battle your way through air and ground targets, avoid the menacing flying mirrors, and destroy the immense Mother Ship.  SHOW NOTES  Xevious Longplay  Scramble  Super Xevious  Xevious: Fardraut Saga  3 Part Novelization  Xevious 3D/G  Lost Xevious Film  Nintendo Power Sep/Oct 88"
episode,120,WHEEL OF FORTUNE,2020-05-22,1788,https://anchor.fm/s/5808ab8/podcast/play/13990535/https%3A%2F%2Fd3ctxlq1ktw2nl.cloudfront.net%2Fproduction%2F2020-4-19%2F74723570-44100-2-16157d9333ceb.mp3,https://podcasters.spotify.com/pod/show/nestalgia/episodes/120---WHEEL-OF-FORTUNE-ee9f67,assets/episode-art/120-wheel-of-fortune.jpg,episodes/120-wheel-of-fortune.md,,"Based on the popular Merv Griffin-produced TV game show of the same name. The goal is to solve for the missing letters in the given place, person, thing, phrase, etc. Spin the eponymous wheel for money, guess consonants, buy vowels, and try to solve the puzzle.  SHOW NOTES  Wheel of Fortune Longplay  MOST Wheel of Fortune Video Games  Pat Sayjak on the Rugrats"
episode,119,MILON'S SECRET CASTLE,2020-05-15,2885,https://anchor.fm/s/5808ab8/podcast/play/13643865/https%3A%2F%2Fd3ctxlq1ktw2nl.cloudfront.net%2Fproduction%2F2020-4-12%2F72461572-44100-2-c3113425fd626.mp3,https://podcasters.spotify.com/pod/show/nestalgia/episodes/119---MILONS-SECRET-CASTLE-eduskp,assets/episode-art/119-milons-secret-castle.jpg,episodes/119-milons-secret-castle.md,,"Milon lives in the land of Hudson, where people use music to communicate with each other. However, Milon does not possess this ability. One day, he decides to visit Queen Eliza, who lives in Hudson's Secret Castle, but finds that the people have been robbed of their musical instruments and the castle overtaken by the Evil Warlord from the north region. Milon must explore the depths of the mazelike castle while defeating monsters that roam its corridors.  SHOW NOTES  Manual  Milon's Secret Website  Milon's Secret Game Boy Game  DoReMi Fantasy: Milon's DokiDoki Adventure  Milon no Hoshizora Shabon: Puzzle Kumikyoku  Saturn Bomberman 10-Player  Famicom Rocky Manga"
episode,118,LEE TREVINO'S FIGHTING GOLF,2020-05-08,3521,https://anchor.fm/s/5808ab8/podcast/play/13402051/https%3A%2F%2Fd3ctxlq1ktw2nl.cloudfront.net%2Fproduction%2F2020-4-7%2F70883258-44100-2-c5bf4377401d2.mp3,https://podcasters.spotify.com/pod/show/nestalgia/episodes/118---LEE-TREVINOS-FIGHTING-GOLF-edngg3,assets/episode-art/118-lee-trevinos-fighting-golf.jpg,episodes/118-lee-trevinos-fighting-golf.md,,Never before in a home format have so many options been available to a player of video golf. - U.S National Video Game Team  SHOW NOTES  U.S National Video Game Team  Lee Trevino Documentary  Nassau Game Rules  Lee Carvallo’s Putting Challenge  Trevino LCD game Tiger Electronics  Top Players Golf - 1990  Neo Turf Masters - 1996
episode,117,JEOPARDY,2020-05-01,3536,https://anchor.fm/s/5808ab8/podcast/play/13114179/https%3A%2F%2Fd3ctxlq1ktw2nl.cloudfront.net%2Fproduction%2F2020-3-30%2F68965663-44100-2-23a78cb06af58.mp3,https://podcasters.spotify.com/pod/show/nestalgia/episodes/117---JEOPARDY-edenc3,assets/episode-art/117-jeopardy.jpg,,,What is Rare’s faithful NES recreation of the long-running international quiz show? Up to three contestants can play at once!  SHOW NOTES  NEStalgia Jeopardy Game
episode,116,JACKAL,2020-04-24,2685,https://anchor.fm/s/5808ab8/podcast/play/12823330/https%3A%2F%2Fd3ctxlq1ktw2nl.cloudfront.net%2Fproduction%2F2020-3-23%2F67026450-44100-2-350234e3679da.mp3,https://podcasters.spotify.com/pod/show/nestalgia/episodes/116---JACKAL-ed5rb2,assets/episode-art/116-jackal.jpg,episodes/116-jackal.md,,"Your brothers-in-arms are hostages behind enemy lines, and you're their only hope for freedom. But the firepower you'll face to rescue them is awesome. Cannons, tanks, submarines and snipers will blast you with horrific cross-fire, while jet fighters zero in from above.  SHOW NOTES  Jackal Longplay  TOP GUNNER  Red Fortress (FDS Jackal)  Jackal Rebirth (Cancelled Wii game)"
episode,115,GOLGO 13: TOP SECRET EPISODE,2020-04-17,3893,https://anchor.fm/s/5808ab8/podcast/play/12458281/https%3A%2F%2Fd3ctxlq1ktw2nl.cloudfront.net%2Fproduction%2F2020-3-18%2F65592482-44100-2-21d76b5d29853.mp3,https://podcasters.spotify.com/pod/show/nestalgia/episodes/115---GOLGO-13-TOP-SECRET-EPISODE-ecqmr9,assets/episode-art/115-golgo-13-top-secret-episode.jpg,episodes/115-golgo-13-top-secret-episode.md,,"He's Golgo 13, the legendary agent who's never failed on a mission. Now, he's facing his toughest challenge: to recover a stolen vial of ""Cassandra G"", the deadliest weapon in the history of biological warfare. But he can't do it without your help.  SHOW NOTES  Golgotha  Golgo 13 Intro  Golgo 13 Longplay  Golgo 13 manga  The Mafat Conspiracy Longplay  Golgo 13 Live Action Movie  Golgo 13: The Professional (‘83)  Vic Tokai"
episode,114,Galaga: Demons of Death,2020-04-10,2890,https://anchor.fm/s/5808ab8/podcast/play/12250704/https%3A%2F%2Fd3ctxlq1ktw2nl.cloudfront.net%2Fproduction%2F2020-3-10%2F63337380-44100-2-6daa746332f.mp3,https://podcasters.spotify.com/pod/show/nestalgia/episodes/114---Galaga-Demons-of-Death-eckc4g,assets/episode-art/114-galaga-demons-of-death.jpg,episodes/114-galaga-demons-of-death.md,,You are on your first Combat Mission and must outsmart and destroy the Galagan fleet. A foolish moove could cost you the battle - and the planet!   SHOW NOTES  Galaga NES Longplay  Galaga Strategy Tips from a Pro  Galaxian  Gaplus  Galaga '88  Galaga: Destination Earth  Galaxian3 TOUR (need to see it to believe it)
special,97,SONIC THE HEDGEHOG,2020-04-01,3351,https://anchor.fm/s/5808ab8/podcast/play/11778499/https%3A%2F%2Fd3ctxlq1ktw2nl.cloudfront.net%2Fproduction%2F2020-2-30%2F60354039-44100-2-38b6b9b1b5db8.mp3,https://podcasters.spotify.com/pod/show/nestalgia/episodes/S097---SONIC-THE-HEDGEHOG-ec5v03,assets/episode-art/s097-sonic-the-hedgehog.jpg,episodes/specials/s097-sonic-the-hedgehog.md,,"I am the Eggman, that's what I am  I am the Eggman, I got the master plan  I am the Eggman, that's what I am  I am the Eggman, with the master plan"
episode,112,WORLD CLASS TRACK MEET,2020-03-27,2856,https://anchor.fm/s/5808ab8/podcast/play/11579698/https%3A%2F%2Fd3ctxlq1ktw2nl.cloudfront.net%2Fproduction%2F2020-2-26%2F59257948-44100-2-bee31def308c9.mp3,https://podcasters.spotify.com/pod/show/nestalgia/episodes/112---WORLD-CLASS-TRACK-MEET-ebvsri,assets/episode-art/112-world-class-track-meet.jpg,episodes/112-world-class-track-meet.md,,"This action packed game turns your home into an exciting stadium! With the performance of the Power Pad, this will dare you to increase your phsyical ability and surpass your athletic goals.  SHOW NOTES   NES Advantage   NES MAX    Street Fighter 1    Sid Meier's Pirates!    R-Type NES Conversion    PC-Engine  Master System Games    Fantasy Zone    Alex Kidd    Space Harrier    Wonder Boy    OutRun    AfterBurner"
episode,111,LIFE FORCE,2020-03-20,4137,https://anchor.fm/s/5808ab8/podcast/play/11298636/https%3A%2F%2Fd3ctxlq1ktw2nl.cloudfront.net%2Fproduction%2F2020-2-20%2F57702982-44100-2-4b9e3688d38b9.mp3,https://podcasters.spotify.com/pod/show/nestalgia/episodes/111---LIFE-FORCE-ebnacc,assets/episode-art/111-life-force.jpg,episodes/111-life-force.md,,"You've saved the innocent people of Gradius from the vile Bacterions. But now an even deadlier plague has slimed into the neighborhood. It's Zelos, an all-engulfing, planet-eating alien who's hungering to take a bite out of you!   SHOW NOTES  Manual  NEStalgia Gradius Episode  Salamander II  Salamander Arcade Version  Life Force Anime (FULL EPISODE)"
episode,110,LEGENDARY WINGS,2020-03-13,2817,https://anchor.fm/s/5808ab8/podcast/play/11069851/https%3A%2F%2Fd3ctxlq1ktw2nl.cloudfront.net%2Fproduction%2F2020-2-13%2F56400458-44100-2-894c052d9119b.mp3,https://podcasters.spotify.com/pod/show/nestalgia/episodes/110---LEGENDARY-WINGS-ebgaur,assets/episode-art/110-legendary-wings.jpg,episodes/110-legendary-wings.md,,"Legendary Wings is an arcade shooter influenced by Greek mythology.  A  heroic figure from ancient times thrust into a strange futuristic world,  you must fight your way through six levels to defeat ""The Devil"" and  save the day.  SHOW NOTES  Legendary Wings Longplay  Michelle Heart - Marvel vs. Capcom: Clash of Super Heroes  Namco x Capcom  Michelle Heart - Project X Zone 2"
episode,109,IRON TANK,2020-03-06,1951,https://anchor.fm/s/5808ab8/podcast/play/10875590/https%3A%2F%2Fd3ctxlq1ktw2nl.cloudfront.net%2Fproduction%2F2020-2-6%2F54988788-44100-2-8264b0ba241e6.mp3,https://podcasters.spotify.com/pod/show/nestalgia/episodes/109---IRON-TANK-ebad86,assets/episode-art/109-iron-tank.jpg,episodes/109-iron-tank.md,,"The Date: June 5, 1994. The United Forces are preparing for their final assault on the Normandy Coast.  The Mission: Establish a beachhead, break through the front lines, and infiltrate and destroy enemy headquarters.  SHOW NOTES  Iron Tank Gameplay  Colonel Ralf  TNK III Gameplay  Guerilla War"
episode,108,GAUNTLET,2020-02-28,3163,https://anchor.fm/s/5808ab8/podcast/play/10642034/https%3A%2F%2Fd3ctxlq1ktw2nl.cloudfront.net%2Fproduction%2F2020-2-4%2F54247122-44100-2-7996ecd5e5f0d.mp3,https://podcasters.spotify.com/pod/show/nestalgia/episodes/108---GAUNTLET-eb395i,assets/episode-art/108-gauntlet.jpg,episodes/108-gauntlet.md,,"GAUNTLET, the arcade phenomenon, is finally available as a Nintendo Game Pak! Choose one of four legendary characters as your hero: Thor, the Warrior; Thyra, the Valkyrie; Merlin, the Wizard; or Questor, the Elf. The unique two-player option lets you compete against a friend; or join forces to defeat hordes of swarming monsters and to collect food, treasure and magic potions.  SHOW NOTES  Gauntlet Commercial  Creator Ed Logg on Gauntlet  Gauntlet NES Gameplay  Gauntlet Arcade Gameplay  Gauntlet Legends  Gauntlet Dark Legacy  Gauntlet: The Third Encounter  Gauntlet III: The Final Quest  Gauntlet: Seven Sorrows  Gauntlet: Slayer Edition"
episode,107,DEFENDER II,2020-02-21,1894,https://anchor.fm/s/5808ab8/podcast/play/10529027/https%3A%2F%2Fd3ctxlq1ktw2nl.cloudfront.net%2Fproduction%2F2020-1-21%2F51622909-44100-2-85b68debdfbf7.mp3,https://podcasters.spotify.com/pod/show/nestalgia/episodes/107---DEFENDER-II-eavqq3,assets/episode-art/107-defender-ii.jpg,episodes/107-defender-ii.md,,"Alien marauders are attacking your planet. They're kidnapping resident humanoids and turning them into mutants! Y ou pilot your ship along the planet surface, blasting away. But first you go for the Landers--the most treacherous of the aliens.  SHOW NOTES  STARGATE  DEFENDER I  The Joy of Difficult Games - Defender  Defender 2000  Defender  Strike Force"
episode,106,BASES LOADED,2020-02-14,2552,https://anchor.fm/s/5808ab8/podcast/play/10363151/https%3A%2F%2Fd3ctxlq1ktw2nl.cloudfront.net%2Fproduction%2F2020-1-13%2F48821343-44100-2-df318f8e65574.mp3,https://podcasters.spotify.com/pod/show/nestalgia/episodes/106---BASES-LOADED-eaqoqf,assets/episode-art/106-bases-loaded.jpg,episodes/106-bases-loaded.md,,"Here’s voice, action and graphics so real, you’ll believe you’re in the lineup. The characters look like real baseball players, not cartoons. The action moves at the same pace as a real game. Sounds real, too! The crack of the bat, the calls of the ump, the roar of the crown when you score.  SHOW NOTES  TV Baseball in the 80s  Game Boy version of Bases Loaded  Super Bases Loaded  Super Bases Loaded 2  Super Bases Loaded 3  Bases Loaded '96: Double Header"
episode,105,R.B.I BASEBALL,2020-02-10,2651,https://anchor.fm/s/5808ab8/podcast/play/10288825/https%3A%2F%2Fd3ctxlq1ktw2nl.cloudfront.net%2Fproduction%2F2020-1-10%2F47669538-44100-2-75c89b0f401a8.mp3,https://podcasters.spotify.com/pod/show/nestalgia/episodes/105---R-B-I-BASEBALL-eaog7p,assets/episode-art/105-r-b-i-baseball.jpg,episodes/105-r-b-i-baseball.md,,Move up to the big time with R.B.I. BASEBALL. Only R.B.I. BASEBALL has rosters and player stats _officially_ licensed from the Major League Baseball Players Association for MVPs like Reggie Jackson and Cy Young winners like Roger Clemens. These stats make all the difference on every play. It's time to stop playing with no-names and step up to the plate with superstars in R.B.I. BASEBALL!  SHOW NOTES  R.B.I Baseball Fan Site  Pro Yakyuu Family Stadium  Atari Games vs Nintendo Lawsuit - Gaming Historian  RBI Baseball 20 First Look!  Major League Baseball Rules
episode,104,METAL GEAR,2020-01-31,4466,https://anchor.fm/s/5808ab8/podcast/play/10086308/https%3A%2F%2Fd3ctxlq1ktw2nl.cloudfront.net%2Fproduction%2F2020-0-31%2F46102671-44100-2-d56d8940b5398.mp3,https://podcasters.spotify.com/pod/show/nestalgia/episodes/104---METAL-GEAR-eaiaf4,assets/episode-art/104-metal-gear.jpg,episodes/104-metal-gear.md,,"As FOX-HOUND's (an elite black ops unit) newest recruit, going by the codename of Solid Snake, your mission is to infiltrate Outer Heaven and rescue your missing comrade, Grey Fox (who was captured after a failed infiltration), while gathering intelligence on Metal Gear."
episode,103,DOUBLE DRAGON,2020-01-24,3862,https://anchor.fm/s/5808ab8/podcast/play/9915759/https%3A%2F%2Fd3ctxlq1ktw2nl.cloudfront.net%2Fproduction%2F2020-0-24%2F44955488-44100-2-47e4ce1a24e8d.mp3,https://podcasters.spotify.com/pod/show/nestalgia/episodes/103---DOUBLE-DRAGON-ead3tf,assets/episode-art/103-double-dragon.jpg,episodes/103-double-dragon.md,,"Billy is faced with his greatest challenge. His girlfriend, Marian, has been kidnapped by the Black Warriors, the savage street gang of the mysterious Shadow Boss! Using whatever weapons come to hand – knives whips, bats, rocks, oil drums, even dynamite – Billy must pursue the gang through the slums, factories and wooded outskirts of the city to reach the hideout for his final confrontation with the Shadow Boss… his brother Jimmy!"
episode,102,RAMBO,2020-01-17,2245,https://anchor.fm/s/5808ab8/podcast/play/9756872/https%3A%2F%2Fd3ctxlq1ktw2nl.cloudfront.net%2Fproduction%2F2020-0-17%2F43894392-44100-2-d8c827c9ae44e.mp3,https://podcasters.spotify.com/pod/show/nestalgia/episodes/102---RAMBO-ea88o8,assets/episode-art/102-rambo.jpg,episodes/102-rambo.md,,"John Rambo is a Special Forces solder that is currently spending time in military prison, well until Colonel Trautman decides that Rambo is the ideal solder to be sent on a special mission. Rambo’s mission is simple, go to Vietnam and photograph the POW camp there.  SHOW NOTES  Back of the Box  Manual  Ending Sequence  Rambo (1985 video game)  Rambo (2008 video game)  Rambo: First Blood Part II (Master System video game)  Rambo: The Video Game  Evolution of Rambo Games"
episode,101,CITY CONNECTION,2020-01-10,2092,https://anchor.fm/s/5808ab8/podcast/play/9606690/https%3A%2F%2Fd3ctxlq1ktw2nl.cloudfront.net%2Fproduction%2F2020-0-10%2F42880739-44100-2-e55b58dc4fa3f.mp3,https://podcasters.spotify.com/pod/show/nestalgia/episodes/101---CITY-CONNECTION-ea3m32,assets/episode-art/101-city-connection.jpg,episodes/101-city-connection.md,,DRIVE FOR YOUR LIFE! Race your speed demon car from New York to Tokyo. Tour city after city on the way and make points. With the cops and the enemy on your tail.  SHOW NOTES  Manual  Flohwalzer  “Highway Star” by Deep Purple.  1985 Honda City Hatchback Auction  City Connection Commercial  Cruisn'  Cruis'n Franchise  City Connection Rocket
episode,100,MAJOR LEAGUE BASEBALL,2020-01-03,3928,https://anchor.fm/s/5808ab8/podcast/play/9392126/https%3A%2F%2Fd3ctxlq1ktw2nl.cloudfront.net%2Fproduction%2F2019-11-29%2F41205170-44100-2-111ba9b977b97.mp3,https://podcasters.spotify.com/pod/show/nestalgia/episodes/100---MAJOR-LEAGUE-BASEBALL-e9t4hu,assets/episode-art/100-major-league-baseball.jpg,episodes/100-major-league-baseball.md,,"You choose your starting line-ups. You make managerial decisions. You pitch, catch, hit. This is Real baseball…for Real baseball fans!"
episode,99,IKARI WARRIORS II: VICTORY ROAD,2019-12-27,5218,https://anchor.fm/s/5808ab8/podcast/play/9255492/https%3A%2F%2Fd3ctxlq1ktw2nl.cloudfront.net%2Fproduction%2F2019-11-24%2F40519168-44100-2-1f63da38a5232.mp3,https://podcasters.spotify.com/pod/show/nestalgia/episodes/099---IKARI-WARRIORS-II-VICTORY-ROAD-e9ov44,assets/episode-art/099-ikari-warriors-ii-victory-road.jpg,episodes/099-ikari-warriors-ii-victory-road.md,,"Our heroes from lkari Warriors are back! And this time, they're up against the most fearsome enemy of all — the monstrous Stonehead and his army of bizarre, inhuman creatures!"
episode,98,FREEDOM FORCE,2019-12-20,2940,https://anchor.fm/s/5808ab8/podcast/play/8943721/https%3A%2F%2Fd3ctxlq1ktw2nl.cloudfront.net%2Fproduction%2F2019-11-11%2F38021454-44100-2-06d002bb0abce.mp3,https://podcasters.spotify.com/pod/show/nestalgia/episodes/098---FREEDOM-FORCE-e9fel9,assets/episode-art/098-freedom-force.jpg,episodes/098-freedom-force.md,,MISSION: Neutralize Extremist Element! The fate of the airport is in your hands.   SHOW NOTES  Back of the Box  Manual  VS FREEDOM FORCE
episode,97,R.C. PRO-AM,2019-12-13,2826,https://anchor.fm/s/5808ab8/podcast/play/8943703/https%3A%2F%2Fd3ctxlq1ktw2nl.cloudfront.net%2Fproduction%2F2019-11-11%2F38020789-44100-2-e8dafa8ee88a1.mp3,https://podcasters.spotify.com/pod/show/nestalgia/episodes/097---R-C--PRO-AM-e9fekn,assets/episode-art/097-r-c-pro-am.jpg,episodes/097-r-c-pro-am.md,,Grab your controller and pull up to the starting line. It's you against four other all-star racers in this thrilling Nintendo R.C. racing competition!  SHOW NOTES  NINTENDO FUN CLUB ISSUE #5  RETURN OF DONKEY KONG  CHAMPIONSHIP PRO-AM  SUPER R.C. PRO-AM  R.C. PRO-AM II  Back of the Box  Manual
episode,96,ICE HOCKEY,2019-12-06,2387,https://anchor.fm/s/5808ab8/podcast/play/8808340/https%3A%2F%2Fd3ctxlq1ktw2nl.cloudfront.net%2Fproduction%2F2019-11-4%2F36622940-44100-2-6fe6a6284e247.mp3,https://podcasters.spotify.com/pod/show/nestalgia/episodes/096---ICE-HOCKEY-e9baek,assets/episode-art/096-ice-hockey.jpg,episodes/096-ice-hockey.md,,"It’s fast skatin’, hip checkin’, high scoring action. Lead your team into center ice, over the opponent’s blue line. Pass over to the point and set-up for the tip in – Score! FOR MORE NESTALGIA as well as show notes and links check out www.NEStalgiacast.com"
episode,95,DRAGON POWER,2019-11-29,4060,https://anchor.fm/s/5808ab8/podcast/play/8721940/https%3A%2F%2Fd3ctxlq1ktw2nl.cloudfront.net%2Fproduction%2F2019-10-29%2F36076021-44100-2-36926a439fa99.mp3,https://podcasters.spotify.com/pod/show/nestalgia/episodes/095---DRAGON-POWER-e98m2k,assets/episode-art/095-dragon-power.jpg,episodes/095-dragon-power.md,,"Goku and Nora are on a quest to find seven crystal balls. By finding all of these crystal balls, the Dragon Emperor will grant them one wish. It won't be easy though, there are rumors of a mysterious army that is also looking for them. FOR MORE NESTALGIA as well as show notes and links check out www.NEStalgiacast.com"
episode,94,TOWN & COUNTRY SURF DESIGNS: WOOD AND WATER RAGE,2019-11-22,2721,https://anchor.fm/s/5808ab8/podcast/play/8600712/https%3A%2F%2Fd3ctxlq1ktw2nl.cloudfront.net%2Fproduction%2F2019-10-22%2F35271260-44100-2-57df4dc313337.mp3,https://podcasters.spotify.com/pod/show/nestalgia/episodes/094---TOWN--COUNTRY-SURF-DESIGNS-WOOD-AND-WATER-RAGE-e94vm8,assets/episode-art/094-town-country-surf-designs-wood-and-water-rage.jpg,episodes/094-town-country-surf-designs-wood-and-water-rage.md,,"O.K. dudes, the time has come to really get radical. You and the rest of ""DA BOYS,"" T&C's famous group of skate and surf crazies, can kick out and pull off some awesome maneuvers together. FOR MORE NESTALGIA as well as show notes and links check out www.NEStalgiacast.com"
episode,93,GUN.SMOKE,2019-11-15,4429,https://anchor.fm/s/5808ab8/podcast/play/8467997/https%3A%2F%2Fd3ctxlq1ktw2nl.cloudfront.net%2Fproduction%2F2019-10-15%2F34323234-44100-2-e9be15c07a346.mp3,https://podcasters.spotify.com/pod/show/nestalgia/episodes/093---GUN-SMOKE-e90u2t,assets/episode-art/093-gun-smoke.jpg,episodes/093-gun-smoke.md,,"IT'S HIGH NOON. YOU'RE ALONE. YOU'RE QUICK. OR YOU'RE DEAD.  It's a bad day at Hicksville. In Gun.Smoke, you're lightnin' quick, gun-totin' Billy Bob. Come home to find your peaceful mining town overrun by no-good varmints. So you'd best be gettin' to work."
episode,92,CONTRA,2019-11-08,5344,https://anchor.fm/s/5808ab8/podcast/play/8332873/https%3A%2F%2Fd3ctxlq1ktw2nl.cloudfront.net%2Fproduction%2F2019-10-8%2F33347268-44100-2-8b6a0342d9b4c.mp3,https://podcasters.spotify.com/pod/show/nestalgia/episodes/092---CONTRA-e8sq49,assets/episode-art/092-contra.jpg,episodes/092-contra.md,,"You’re about to come face to face against Red Falcon, the cruelest life-form in the galaxy. If you succeed, well…it doesn’t matter, because I doubt you will."
episode,91,RENEGADE,2019-11-01,2939,https://anchor.fm/s/5808ab8/podcast/play/7855919/https%3A%2F%2Fd3ctxlq1ktw2nl.cloudfront.net%2Fproduction%2F2019-9-30%2F31721849-44100-2-6051914a416a4.mp3,https://podcasters.spotify.com/pod/show/nestalgia/episodes/091---RENEGADE-e8e8bf,assets/episode-art/091-renegade.jpg,episodes/091-renegade.md,,"The city is under siege. A gang of hoodlums has taken over and is destroying everything in its wake. Like a pack of rats, they're skittering through the subways, lurking along the dockside and plotting more destruction in the dark places of the inner city. Only you can protect the helpless townspeople from their brutal attack.  Back of the Box  Manual  Target: Renegade  Renegade III the final Chapter   Super Dodge Ball   River City Ransom   Nintendo World Cup."
episode,90,KARNOV,2019-10-25,3407,https://anchor.fm/s/5808ab8/podcast/play/7554277/https%3A%2F%2Fd3ctxlq1ktw2nl.cloudfront.net%2Fproduction%2F2019-9-24%2F30767847-44100-2-31b2bd8213737.mp3,https://podcasters.spotify.com/pod/show/nestalgia/episodes/090---KARNOV-e851p5,assets/episode-art/090-karnov.jpg,episodes/090-karnov.md,,The Treasure of Babylon has been kept secretly for centuries in the tranquil city of Creamina. But the peace of the city has come to a gruesome end with the vicious attack of a greedy dragon.  Back of the Box  Manual  Bad Dudes Vs DragonNinja  Fighter's History  KARNOV’S REVENGE  The Bull that appeared in the bonus rounds in Karate Champ  secret boss if the player completes the game on the Normal setting or above without losing a round.  Street Slam  Shantae and the Pirate's Curse
special,3,BEST OF 1987,2019-10-18,7978,https://anchor.fm/s/5808ab8/podcast/play/7241009/https%3A%2F%2Fd3ctxlq1ktw2nl.cloudfront.net%2Fproduction%2F2019-9-18%2F29854274-44100-2-3a99cb586dc17.mp3,https://podcasters.spotify.com/pod/show/nestalgia/episodes/SPECIAL-003---BEST-OF-1987-e7rfrh,assets/episode-art/s003-best-of-1987.jpg,episodes/specials/s003-best-of-1987.md,,"Welcome to the BEST OF 1987 episode. If you've been with us from the beginning, enjoy this special episode to look back on all the 1987 episodes. If you're brand new, welcome to a great introduction of the NES in 1987.  SHOW NOTES:  NES Australian Commercial  Zelda Commercial 1  Zelda Commercial 2  THE WORST GAME OF 1987  Winter Games  THE TOP 10 GAMES OF 1987  10. Rygar  9. Raid on Bungeling Bay  8. Slalom  7. Kid Icarus  6. Stinger  5. Metroid  4. Mega Man  3. Castlevania  2. Mike Tyson's Punch Out  1. The Legend of Zelda"
episode,89,WIZARDS & WARRIORS,2019-10-11,4129,https://anchor.fm/s/5808ab8/podcast/play/5722388/https%3A%2F%2Fd3ctxlq1ktw2nl.cloudfront.net%2Fproduction%2F2019-9-7%2F27046455-44100-2-77d6d3e4360b2.mp3,https://podcasters.spotify.com/pod/show/nestalgia/episodes/089---WIZARDS--WARRIORS-e6d4qk,assets/episode-art/089-wizards-warriors.jpg,episodes/089-wizards-warriors.md,,"You are Kuros, a powerful knight who enter the woods of Elrond. Legend says that a powerful wizard named Malkil has has gone completely mad during his years and turned his powerful magic to the dark side. FOR MORE NESTALGIA as well as show notes and links check out www.NEStalgiacast.com"
episode,88,MEGA MAN,2019-10-04,8622,https://anchor.fm/s/5808ab8/podcast/play/4975284/https%3A%2F%2Fd3ctxlq1ktw2nl.cloudfront.net%2Fproduction%2F2019-8-30%2F25426782-44100-2-5689b988ba368.mp3,https://podcasters.spotify.com/pod/show/nestalgia/episodes/088---MEGA-MAN-e5mb7k,assets/episode-art/088-mega-man.jpg,episodes/088-mega-man.md,,It's MEGA MAN versus the powerful leaders and fighting forces of Monsteropolis - that strange multi-layered land of robot-like Humanoids created by the wrongly-performed experiments with human beings by Dr. Wily. FOR MORE NESTALGIA as well as show notes and links check out www.NEStalgiacast.com
episode,87,SIDE POCKET,2019-09-27,3561,https://traffic.megaphone.fm/APO6014012822.mp3,https://podcasters.spotify.com/pod/show/nestalgia/episodes/087---SIDE-POCKET-e5ddsd,assets/episode-art/087-side-pocket.jpg,episodes/087-side-pocket.md,,Chalk up your favorite cue stick and challenge your friends to the ultimate game of skill... pool! It takes a pretty cool dude to sink the tough shots on this pool table. FOR MORE NESTALGIA as well as show notes and links check out www.NEStalgiacast.com
episode,86,TOP GUN,2019-09-20,4553,https://traffic.megaphone.fm/APO7025138559.mp3,https://podcasters.spotify.com/pod/show/nestalgia/episodes/086---TOP-GUN-e5ddnk,assets/episode-art/086-top-gun.jpg,episodes/086-top-gun.md,,The F-14 jet engines roar as you launch off the carrier deck into the wild blue yonder on a mission to save us all from World War III. FOR MORE NESTALGIA as well as show notes and links check out www.NEStalgiacast.com
episode,85,SUPER PITFALL,2019-09-13,3136,https://traffic.megaphone.fm/APO8363926453.mp3,https://podcasters.spotify.com/pod/show/nestalgia/episodes/085---SUPER-PITFALL-e59imk,assets/episode-art/085-super-pitfall.jpg,episodes/085-super-pitfall.md,,"Pitfall Harry returns to adventuring! Harry’s mission: to recover the famed Raj Diamond, and also to rescue his niece Rhonda and loyal lion sidekick, Quickclaw. FOR MORE NESTALGIA as well as show notes and links check out www.NEStalgiacast.com"
episode,84,STAR FORCE,2019-09-06,2172,https://traffic.megaphone.fm/APO8190335527.mp3,https://podcasters.spotify.com/pod/show/nestalgia/episodes/084---STAR-FORCE-e58ngf,assets/episode-art/084-star-force.jpg,episodes/084-star-force.md,,"Hope you know the Greek alphabet! And like SHMUPS! And like US! Because it's time to hear us talk about the latest game in our never ending library, STAR FORCE. FOR MORE NESTALGIA as well as show notes and links check out www.NEStalgiacast.com"
episode,83,KID NIKI: RADICAL NINJA,2019-08-30,3594,https://traffic.megaphone.fm/APO4036114512.mp3,https://podcasters.spotify.com/pod/show/nestalgia/episodes/083---KID-NIKI-RADICAL-NINJA-e54bh0,assets/episode-art/083-kid-niki-radical-ninja.jpg,episodes/083-kid-niki-radical-ninja.md,,Kid Niki must rescue his beloved Princess Margo who has been kidnapped by the Stone Wizard. You are equipped with a Spinning Sword to clear any minions that stand in your way. FOR MORE NESTALGIA as well as show notes and links check out www.NEStalgiacast.com
episode,82,THE KARATE KID,2019-08-23,3460,https://traffic.megaphone.fm/APO7623599409.mp3,https://podcasters.spotify.com/pod/show/nestalgia/episodes/082---THE-KARATE-KID-e51gv6,assets/episode-art/082-the-karate-kid.jpg,episodes/082-the-karate-kid.md,,"You are Daniel-San, student of the martial arts. Your options are to fight one-on-one against Chozen or play an exciting game progressing through four different stages and three bonus stages. FOR MORE NESTALGIA as well as show notes and links check out www.NEStalgiacast.com"
episode,81,JAWS,2019-08-16,2893,https://traffic.megaphone.fm/APO5725016394.mp3,https://podcasters.spotify.com/pod/show/nestalgia/episodes/081---JAWS-e4v88t,assets/episode-art/081-jaws.jpg,episodes/081-jaws.md,,This can't be! There has never been a Great White in these warm tropical waters before. NEVER! This is more than a coincidence... this shark appears to be possessed... as if it's hunting you down... like it's personal. FOR MORE NESTALGIA as well as show notes and links check out www.NEStalgiacast.com
episode,80,GOTCHA! THE SPORT!,2019-08-09,1820,https://traffic.megaphone.fm/APO3172635523.mp3,https://podcasters.spotify.com/pod/show/nestalgia/episodes/80---GOTCHA--THE-SPORT-e4sj6l,assets/episode-art/080-gotcha-the-sport.jpg,episodes/080-gotcha-the-sport.md,,"It's just you now... you're alone... no one to turn to for help. Sure the odds are against you, but this is when you can really show your stuff. You've got your Nintendo® Zapper® in your hand and a pretty good supply of paint pellets. FOR MORE NESTALGIA as well as show notes and links check out www.NEStalgiacast.com"
episode,79,THE GOONIES II,2019-08-02,4047,https://traffic.megaphone.fm/APO6532910378.mp3,https://podcasters.spotify.com/pod/show/nestalgia/episodes/079---THE-GOONIES-II-e4qedn,assets/episode-art/079-the-goonies-ii.jpg,episodes/079-the-goonies-ii.md,,"The Fratelli fraternity is at it again! Ma Fratelli, her two nitwit sons and crazy Cousin Pipsqueak have kidnapped your Goonie buddies and Annie the Mermaid. FOR MORE NESTALGIA as well as show notes and links check out www.NEStalgiacast.com"
episode,78,ZANAC,2019-07-26,4381,https://traffic.megaphone.fm/APO3898429958.mp3,https://podcasters.spotify.com/pod/show/nestalgia/episodes/078---ZANAC-e4o1st,assets/episode-art/078-zanac.jpg,episodes/078-zanac.md,,"Mankind's only hope is AFX-6502 ZANAC in a one-on-one fight to the death confrontation. Now, it's just you against the system, and to the victor goes the remains of the human race. FOR MORE NESTALGIA as well as show notes and links check out www.NEStalgiacast.com"
episode,77,RAD RACER,2019-07-19,3300,https://traffic.megaphone.fm/APO5196016116.mp3,https://podcasters.spotify.com/pod/show/nestalgia/episodes/077---RAD-RACER-e4an88,assets/episode-art/077-rad-racer.jpg,episodes/077-rad-racer.md,,This is no ordinary game pak. This is Rad Racer. Nintendo’s thrilling 3-D video game. Rad Racer comes action-packed with revolutionary 3-D technology and 3-D glasses (they’re free inside) that will have you really believing you’re in the middle of a cross country rally race – cruising along at 200 miles per hour! FOR MORE NESTALGIA as well as show notes and links check out www.NEStalgiacast.com
episode,76,MIKE TYSON'S PUNCH-OUT,2019-07-12,5436,https://traffic.megaphone.fm/APO4157499993.mp3,https://podcasters.spotify.com/pod/show/nestalgia/episodes/076---MIKE-TYSONS-PUNCH-OUT-e4876d,assets/episode-art/076-mike-tysons-punch-out.jpg,episodes/076-mike-tysons-punch-out.md,,"It's a right jab, a left hook, and uppercut - it's Mike Tyson's Punch-out!! where you'll get the chance to compete against boxers from around the globe. FOR MORE NESTALGIA as well as show notes and links check out www.NEStalgiacast.com"
episode,75,LUNAR POOL,2019-07-05,2566,https://traffic.megaphone.fm/APO4161846416.mp3,https://podcasters.spotify.com/pod/show/nestalgia/episodes/075---LUNAR-POOL-e485vv,assets/episode-art/075-lunar-pool.jpg,episodes/075-lunar-pool.md,,"This is it! The biggest billiards game in the universe: Sixty different tables to run, eight levels of power, 255 levels of table friction. FOR MORE NESTALGIA as well as show notes and links check out www.NEStalgiacast.com"
episode,74,ALPHA MISSION,2019-06-28,2610,https://traffic.megaphone.fm/APO9158717645.mp3,https://podcasters.spotify.com/pod/show/nestalgia/episodes/074---ALPHA-MISSION-e485v8,assets/episode-art/074-alpha-mission.jpg,episodes/074-alpha-mission.md,,"In the far away galaxy of Tetranova, a fierce war between seven stars has given new meaning to the worlds ""cutting your nose off to spite your face"". FOR MORE NESTALGIA as well as show notes and links check out www.NEStalgiacast.com"
episode,73,WINTER GAMES,2019-06-21,3281,https://traffic.megaphone.fm/APO7881012673.mp3,https://podcasters.spotify.com/pod/show/nestalgia/episodes/073---WINTER-GAMES-e45u5b,assets/episode-art/073-winter-games.jpg,episodes/073-winter-games.md,,"The quest for the gold continues...And it's all here - the strategy, the challenge, the competition, the art and pageantry of Winter Games! FOR MORE NESTALGIA as well as show notes and links check out www.NEStalgiacast.com"
episode,72,TIGER HELI,2019-06-14,2608,https://traffic.megaphone.fm/APO5396243595.mp3,https://podcasters.spotify.com/pod/show/nestalgia/episodes/072---TIGER-HELI-e45u4e,assets/episode-art/072-tiger-heli.jpg,episodes/072-tiger-heli.md,,"From their mega-fortress hidden deep inside the country of Cantun, power hungry terrorists plan the ultimate next move. Total World Domination. FOR MORE NESTALGIA as well as show notes and links check out www.NEStalgiacast.com"
episode,71,STINGER,2019-06-07,4018,https://traffic.megaphone.fm/APO8001897734.mp3,https://podcasters.spotify.com/pod/show/nestalgia/episodes/071---STINGER-e47ts8,assets/episode-art/071-stinger.jpg,episodes/071-stinger.md,,"From the noxious planet Attackon a billion light years beyond the Milky Way, hungry aliens invade Earth. Their mission: capture the genius creator of a bio-nuclear sweetener, the amazing Professor Cinnamon. FOR MORE NESTALGIA as well as show notes and links check out www.NEStalgiacast.com"
episode,70,STAR VOYAGER,2019-05-31,3080,https://traffic.megaphone.fm/APO8717682641.mp3,https://podcasters.spotify.com/pod/show/nestalgia/episodes/070---STAR-VOYAGER-e45u3n,assets/episode-art/070-star-voyager.jpg,episodes/070-star-voyager-early-notes.md; episodes/070-star-voyager.md,,"Adjust the warp meter. Check support systems, laser cannons, defense shields, enemy location. And strap yourself in for the ultimate starfight! FOR MORE NESTALGIA as well as show notes and links check out www.NEStalgiacast.com"
episode,69,STADIUM EVENTS,2019-05-24,2663,https://traffic.megaphone.fm/APO1900420151.mp3,https://podcasters.spotify.com/pod/show/nestalgia/episodes/069---STADIUM-EVENTS-e40uah,assets/episode-art/069-stadium-events.jpg,episodes/069-stadium-events.md,,For a mere $30k you can own your very own copy of WORLD CLASS TRACK MEET...I mean STADIUM EVENTS! FOR MORE NESTALGIA as well as show notes and links check out www.NEStalgiacast.com
episode,68,SQOON,2019-05-17,2678,https://traffic.megaphone.fm/APO8031122118.mp3,https://podcasters.spotify.com/pod/show/nestalgia/episodes/068---SQOON-e40u9i,assets/episode-art/068-sqoon.jpg,episodes/068-sqoon.md,,"When the rulers of planet Neptune find that they are running out of their main food source – man-ham – they invade the nearby planet earth and melt the polar ice-caps, thus sinking all cities. It’s up to Sqoon to save the day! FOR MORE NESTALGIA as well as show notes and links check out www.NEStalgiacast.com"
episode,67,Spy Hunter,2019-05-10,2397,https://traffic.megaphone.fm/APO2959058764.mp3,https://podcasters.spotify.com/pod/show/nestalgia/episodes/067---Spy-Hunter-e3uf0m,assets/episode-art/067-spy-hunter.jpg,episodes/067-spy-hunter.md,,This is hardly a game. It’s a high-speed test of your secret agent skills. Meet the challenge and survive Spy Hunter! FOR MORE NESTALGIA as well as show notes and links check out www.NEStalgiacast.com
episode,66,SPELUNKER,2019-05-03,2553,https://traffic.megaphone.fm/APO9516361925.mp3,https://podcasters.spotify.com/pod/show/nestalgia/episodes/066---SPELUNKER-e3t9ue,assets/episode-art/066-spelunker.jpg,episodes/066-spelunker.md,,"A fabulous fortune, believed to be that of legendary King Tut's richer brother, Tut-Tut, lies within a pyramid, buried in the deepest part of the deepest cave in the world. The treasure is guarded by the ghosts of dead spelunkers who descended, never to return. It is said that the mere sight of the glittering treasure drove them first to blindness, then madness, and ultimately death. FOR MORE NESTALGIA as well as show notes and links check out www.NEStalgiacast.com"
episode,65,SKY KID,2019-04-26,1391,https://traffic.megaphone.fm/APO1898193507.mp3,https://podcasters.spotify.com/pod/show/nestalgia/episodes/065---SKY-KID-e3rr8a,assets/episode-art/065-sky-kid.jpg,episodes/065-sky-kid.md,,"The world is at war and heavy action is in the air. You are the Red Baron and your good buddy and sometimes flying partner is Max, another ace pilot. But you have to be more than a flying ace. For more NEStalgia as well as show notes and links check out www.NEStalgiacast.com"
episode,64,RING KING,2019-04-19,1300,https://traffic.megaphone.fm/APO8794506839.mp3,https://podcasters.spotify.com/pod/show/nestalgia/episodes/064---RING-KING-e3pbc1,assets/episode-art/064-ring-king.jpg,episodes/064-ring-king.md,,"Boxing fans await the match of the century, a World Championship title bout in which challengers with varying abilities and styles contend for the coveted title, Ring King. For more NEStalgia as well as show notes and links check out www.NEStalgiacast.com"
episode,63,RAID ON BUNGELING BAY,2019-04-12,2313,https://traffic.megaphone.fm/APO7562862616.mp3,https://podcasters.spotify.com/pod/show/nestalgia/episodes/063---RAID-ON-BUNGELING-BAY-e3lkkr,assets/episode-art/063-raid-on-bungeling-bay.jpg,episodes/063-raid-on-bungeling-bay.md,,"An interplanetary reconnaissance team has discovered that the tiny, but dangerous Bungeling Empire is creating an awesome War Machine. Their plan: to conquer Earth! For more NEStalgia as well as show notes for this episode visit www.NEStalgiacast.com"
episode,62,LODE RUNNER,2019-04-06,2974,https://traffic.megaphone.fm/APO1355402530.mp3,https://podcasters.spotify.com/pod/show/nestalgia/episodes/062---LODE-RUNNER-e3g0ui,assets/episode-art/062-lode-runner.jpg,episodes/062-lode-runner.md,,"You are a highly trained Galactic commando deep in enemy territory. Power hungry leaders of the repressive Bungeling Empire have stolen a fortune in gold from the peace loving people, and you've just discovered their secret underground treasury. For more NEStalgia as well as show notes for this episode visit www.NEStalgiacast.com"
episode,61,DOUBLE DRIBBLE,2019-03-29,2107,https://traffic.megaphone.fm/APO6586489275.mp3,https://podcasters.spotify.com/pod/show/nestalgia/episodes/061---DOUBLE-DRIBBLE-e3fo1g,assets/episode-art/061-double-dribble.jpg,episodes/061-double-dribble.md,,"The crowd roars. The game is yours to win or lose. But to win you’ll need speed in the lane, touch for three pointers, muscle to power past picks, and the skill to crash the glass. And, if you break free underneath – watch out! Because now you can power home a rim rockin’ slam. For more NEStalgia as well as show notes for this episode visit www.NEStalgiacast.com"
episode,60,DEADLY TOWERS,2019-03-22,2946,https://traffic.megaphone.fm/APO3850686645.mp3,https://podcasters.spotify.com/pod/show/nestalgia/episodes/060---DEADLY-TOWERS-e3g0r3,assets/episode-art/060-deadly-towers.jpg,episodes/060-deadly-towers.md,,The game where the towers are deadly and the gameplay even deadlier. Try to remember what “fun” is after playing this one! For more NEStalgia as well as show notes for this episode visit www.NEStalgiacast.com
episode,59,THE 3-D BATTLES OF WORLDRUNNER,2019-03-15,2902,https://traffic.megaphone.fm/APO7177738650.mp3,https://podcasters.spotify.com/pod/show/nestalgia/episodes/059---THE-3-D-BATTLES-OF-WORLDRUNNER-e3f9bp,assets/episode-art/059-the-3-d-battles-of-worldrunner.jpg,episodes/059-the-3-d-battles-of-worldrunner.md,,"Light years from earth, there's a world in trouble and pain. Graz, the alien Serpentbeast, and his gang of galactic thugs are terrorizing the eight worlds of Solar System #517. The citizens are losing ground fast--and hope. They need a hero to save their solar system from disaster. For more NEStalgia as well as show notes for this episode visit www.NEStalgiacast.com"
episode,58,THE LEGEND OF ZELDA,2019-03-08,7175,https://traffic.megaphone.fm/APO1200112436.mp3,https://podcasters.spotify.com/pod/show/nestalgia/episodes/058---THE-LEGEND-OF-ZELDA-e3cus4,assets/episode-art/058-the-legend-of-zelda.jpg,episodes/058-the-legend-of-zelda.md,,"Long ago in the faraway land of Hyrule, a dark army led by the evil Ganon stole the legendary ""Triforce of Power."" Now the only one who can save the kingdom and its fair Princess, Zelda, is Link. But he is only a young lad! And the task is great! For more NEStalgia as well as show notes for this episode visit www.NEStalgiacast.com  Release 06:22  Music 07:41  Tales from the Manual 11:03.1  The State of RPGs before Zelda 18:00  The Adventure 23:21  Dungeons and Items 33:39  Difficulty and Fairness 37:07  On Hints 45:42  More on Bosses/Weapons/Enemies 51:09  What did you look up? 58:47  Final Dungeon 1:05:42  Timeline 1:11:27  What to fix? 1:15:28  Statistics 1:20:07  Developer Interviews 1:21:55  Sequels and Spinoffs 1:35:47  Essential Games List 1:44:40"
episode,57,METROID,2019-03-01,5771,https://traffic.megaphone.fm/APO3771446398.mp3,https://podcasters.spotify.com/pod/show/nestalgia/episodes/057---METROID-e3ahfs,assets/episode-art/057-metroid.jpg,episodes/057-metroid.md,,"The Galactic Federation Police are running scared. A strange life form, held in suspended animation and suspected of causing the destruction of an entire planet, has been stolen by space pirates. The pirates have hidden this ""Metroid"" deep within the fortress Planet Zebes where they plan to make it multiply, and use it to destroy galactic civilization. For more NEStalgia as well as show notes for this episode visit www.NEStalgiacast.com  Tales from the Manual	2:53.907	  Making Of 5:25.665   Gameplay 10:39.927   Power Up and Progression 19:19.947   Map Layout 27:03.093   38:29.827   Boss Battles 51:22.379   What is Satisfying about Metroid? 54:20.935   Development 57:36.370   Female Protagonist 1:06:28.833   Sequels and Spinoffs 1:12:11.462   Essential Games List 1:15:33.878"
episode,56,THE LEGEND OF KAGE,2019-02-22,1924,https://traffic.megaphone.fm/APO8967453887.mp3,https://podcasters.spotify.com/pod/show/nestalgia/episodes/056---THE-LEGEND-OF-KAGE-e366tk,assets/episode-art/056-the-legend-of-kage.jpg,episodes/056-the-legend-of-kage.md,,"The Legend of Kage, where expectations are high and the ninjas jump even higher! For more NEStalgia as well as show notes for this episode visit www.NEStalgiacast.com"
episode,55,ELEVATOR ACTION,2019-02-15,1800,https://traffic.megaphone.fm/APO8261538683.mp3,https://podcasters.spotify.com/pod/show/nestalgia/episodes/055---ELEVATOR-ACTION-e34lac,assets/episode-art/055-elevator-action.jpg,episodes/055-elevator-action.md,,"You have the choice between riding an elevator or listening to this episode of ELEVATOR ACTION! What? Oh, okay. I can give you a minute to decide. For more NEStalgia as well as show notes for this episode visit www.NEStalgiacast.com"
episode,54,ATHENA,2019-02-08,2183,https://traffic.megaphone.fm/APO7970628752.mp3,https://podcasters.spotify.com/pod/show/nestalgia/episodes/054---ATHENA-e350ra,assets/episode-art/054-athena.jpg,episodes/054-athena.md,,"Athena, the beautiful Goddess of Wisdom, has grown weary of her life in the castle. She yearns for the excitement of Fantasy World, where she can fly through the air or explore the ocean depths. More than adventure, however, awaits Athena. Strange and fearsome creatures lurk at every turn, threatening her very life."
episode,53,ARKANOID,2019-02-01,2332,https://traffic.megaphone.fm/APO3814533440.mp3,https://podcasters.spotify.com/pod/show/nestalgia/episodes/053---ARKANOID-e322bt,assets/episode-art/053-arkanoid.jpg,episodes/053-arkanoid.md,,You are the commander of the Vaus! A spaceship required to hit a giant spaceball at enemy hats and aliens. Do I need to repeat? For more NEStalgia and show notes visit www.NEStalgiacast.com
episode,52,SOLOMON’S KEY,2019-01-25,2739,https://traffic.megaphone.fm/APO9528746718.mp3,https://podcasters.spotify.com/pod/show/nestalgia/episodes/052---SOLOMONS-KEY-e31cg0,assets/episode-art/052-solomons-key.jpg,episodes/052-solomons-key.md,,For more NEStalgia as well as show notes from this episode visit www.NEStalgiacast.com
episode,51,SECTION Z,2019-01-18,2819,https://traffic.megaphone.fm/APO8139592402.mp3,https://podcasters.spotify.com/pod/show/nestalgia/episodes/051---SECTION-Z-e2vn5r,assets/episode-art/051-section-z.jpg,episodes/051-section-z.md,,In space you can shoot in TWO directions! For show notes and more visit www.NEStalgiacast.com
episode,50,RYGAR,2019-01-11,4516,https://traffic.megaphone.fm/APO9038289725.mp3,https://podcasters.spotify.com/pod/show/nestalgia/episodes/050---RYGAR-e2ratr,assets/episode-art/050-rygar.jpg,,,"Technically the first ""open-world"" RPG for the NES, RYGAR yo-yo's onto the screen in a surprisingly fun way! For more NEStalgia as well as show notes, articles, and more check out www.NEStalgiacast.com"
episode,49,MIGHTY BOMB JACK,2019-01-04,1784,https://traffic.megaphone.fm/APO8015502272.mp3,https://podcasters.spotify.com/pod/show/nestalgia/episodes/049---MIGHTY-BOMB-JACK-e2s7vq,assets/episode-art/049-mighty-bomb-jack.jpg,,,"Tecmo’s just barely famous mascot Mighty Bomb Jack finds his way on the NES after a rich history of Arcade and Computer games that weren’t as mighty. For more NEStalgia as well as show notes, articles, and more check out www.NEStalgiacast.com"
episode,48,KID ICARUS,2018-12-28,5154,https://traffic.megaphone.fm/APO4786281499.mp3,https://podcasters.spotify.com/pod/show/nestalgia/episodes/048---KID-ICARUS-e2rf7l,assets/episode-art/048-kid-icarus.jpg,episodes/048-kid-icarus.md,,"A First Party Nintendo game filled with Reapers, Crosses, and super catchy music? It’s gotta be a franchise they would forget for years to come only to revive via Smash Bros…welcome KID ICARUS! For more NEStalgia as well as show notes, articles, and more check out www.NEStalgiacast.com"
episode,47,BREAKTHRU,2018-12-21,1675,https://traffic.megaphone.fm/APO7529121253.mp3,https://podcasters.spotify.com/pod/show/nestalgia/episodes/047---BREAKTHRU-e2q2nt,assets/episode-art/047-breakthru.jpg,,,"Tried to run, tried to hide! Now play BreakThru to get to the other side! Or just enjoy a DOORS reference from us. For more NEStalgia as well as show notes, articles, and more check out www.NEStalgiacast.com"
episode,46,ATHLETIC WORLD,2018-12-14,1990,https://traffic.megaphone.fm/APO4460587997.mp3,https://podcasters.spotify.com/pod/show/nestalgia/episodes/046---ATHLETIC-WORLD-e2oovb,assets/episode-art/046-athletic-world.jpg,,,"This winter, welcome to summer camp! Break out your Power Pad for some “Family Fun Fitness” as we go through the adventures of ATHLETIC WORLD. For more NEStalgia as well as show notes, articles, and more check out www.NEStalgiacast.com"
episode,45,IKARI WARRIORS,2018-12-07,1964,https://traffic.megaphone.fm/APO8763942985.mp3,https://podcasters.spotify.com/pod/show/nestalgia/episodes/045---IKARI-WARRIORS-e2mfq9,assets/episode-art/045-ikari-warriors.jpg,,,"It's like Commando, but now there's tanks! And terrible porting! And the ability to softlock yourself out of the game! But is it fun? Just listen and find out! For more NEStalgia as well as show notes, articles, and more check out www.NEStalgiacast.com"
episode,44,CASTLEVANIA,2018-11-30,6058,https://traffic.megaphone.fm/APO8153181744.mp3,https://podcasters.spotify.com/pod/show/nestalgia/episodes/044---CASTLEVANIA-e2ls98,assets/episode-art/044-castlevania.jpg,episodes/044-castlevania.md,,"Dracula awaits in a massive castle that is just one bad knock back away from plummeting to your death. Are you the vampire killer? For more NEStalgia as well as show notes, articles, and more check out www.NEStalgiacast.com"
episode,43,BURGERTIME,2018-11-23,1930,https://traffic.megaphone.fm/APO7475245415.mp3,https://podcasters.spotify.com/pod/show/nestalgia/episodes/043---BURGERTIME-e2kloh,assets/episode-art/043-burgertime.jpg,,,"Forget Thanksgiving leftovers, we're hungry for burgers! But only the kind that chase you and haunt your dreams. For more NESTALGIA as well as show notes and articles go to www.nestalgiacast.com"
episode,42,TRACK & FIELD,2018-11-16,2676,https://traffic.megaphone.fm/APO6446379920.mp3,https://podcasters.spotify.com/pod/show/nestalgia/episodes/042---TRACK--FIELD-e2jjk1,assets/episode-art/042-track-field.jpg,episodes/042-track-field.md,,"On your mark! Get set! MASH THE ""A"" BUTTON! Konami classic Track & Field is off to the races. For more NEStalgia as well as show notes, articles, and more check out www.NEStalgiacast.com"
episode,41,RUSH'N ATTACK,2018-11-09,2013,https://traffic.megaphone.fm/APO7653833508.mp3,https://podcasters.spotify.com/pod/show/nestalgia/episodes/041---RUSHN-ATTACK-e2ia2q,assets/episode-art/041-rushn-attack.jpg,episodes/041-rushn-attack.md,,"Who doesn’t like a good play on words? It’s time to Rush and Attack the Russians in…Rush’n Attack! For more NEStalgia as well as show notes, articles, and more check out www.NEStalgiacast.com"
episode,40,VOLLEYBALL,2018-11-02,1409,https://traffic.megaphone.fm/APO8341440527.mp3,https://podcasters.spotify.com/pod/show/nestalgia/episodes/040---VOLLEYBALL-e2h0lk,assets/episode-art/040-volleyball.jpg,episodes/040-volleyball.md,,"SERVES UP! Nintendo is putting their spin (and spike) on Volleyball. Just don't expect much. For more NEStalgia as well as show notes, articles, and more check out www.NEStalgiacast.com"
episode,39,SLALOM,2018-10-26,2707,https://traffic.megaphone.fm/APO5561758353.mp3,https://podcasters.spotify.com/pod/show/nestalgia/episodes/039---SLALOM-e2fu6s,assets/episode-art/039-slalom.jpg,episodes/039-slalom.md,,It's time to hit the slopes with the very first Western developed NES game! RARE skis up a unique experience that is guaranteed to be nothing like Banjo-Kazooie. For show notes and more check out www.NEStalgiacast.com. And a BIG Special thanks to our first subscriber John B!
episode,38,PRO WRESTLING,2018-10-19,2386,https://traffic.megaphone.fm/APO2916013651.mp3,https://podcasters.spotify.com/pod/show/nestalgia/episodes/038---PRO-WRESTLING-e2ec2h,assets/episode-art/038-pro-wrestling.jpg,episodes/038-pro-wrestling.md,,Another wrestling game so soon?! And this one comes straight from Nintendo! Is it an improvement or just another suplex on our hearts? For show notes and more check out www.NEStalgiacast.com
episode,37,TROJAN,2018-10-12,2691,https://traffic.megaphone.fm/APO3242723840.mp3,https://podcasters.spotify.com/pod/show/nestalgia/episodes/037---TROJAN-e2cle9,assets/episode-art/037-trojan.jpg,,,"Welcome to 1987! Capcom strikes again with a Ghost 'N Goblins style game that isn't nearly as hard. Think you're tough enough for the Post-Apocalyptic challenge of defeating the evil Achilles? For more NEStalgia, show notes, and articles visit www.NEStalgiacast.com"
special,2,BEST OF 1986,2018-10-05,5655,https://traffic.megaphone.fm/APO3169600113.mp3,https://podcasters.spotify.com/pod/show/nestalgia/episodes/SPECIAL-002---BEST-OF-1986-e2bfh4,assets/episode-art/s002-best-of-1986.jpg,,,"Another year so soon? Don't skip this special just because you heard all of the episodes! This one is filled with everything you need to know about Nintendo and 1986. AND OUR TOP 5 GAMES OF 1986! For more NEStalgia as well as show notes, articles, and more check out www.NEStalgiacast.com"
episode,36,KARATE CHAMP,2018-09-28,1823,https://traffic.megaphone.fm/APO8107976294.mp3,https://podcasters.spotify.com/pod/show/nestalgia/episodes/036---KARATE-CHAMP-e2aajq,assets/episode-art/036-karate-champ.jpg,episodes/036-karate-champ.md,,"It made arcade owners a business champ and players a karate champ, but is this champ now well past the limelight? For more NEStalgia as well as show notes, articles, and more check out www.NEStalgiacast.com"
episode,35,GRADIUS,2018-09-21,4860,https://traffic.megaphone.fm/APO1479683459.mp3,https://podcasters.spotify.com/pod/show/nestalgia/episodes/035---GRADIUS-e292uf,assets/episode-art/035-gradius.jpg,episodes/035-gradius.md,,The first horizontal SHMUP has blasted its way onto the NES! You must manuever the Vic Viper through seven bullet hell levels to defeat the Bacterion Army! For show notes and more check out www.NEStalgiacast.com
episode,34,GHOSTS 'N GOBLINS,2018-09-14,3379,https://traffic.megaphone.fm/APO4960186829.mp3,https://podcasters.spotify.com/pod/show/nestalgia/episodes/034---GHOSTS-N-GOBLINS-e27756,assets/episode-art/034-ghosts-n-goblins.jpg,,,This podcast is merely an illusion! You'll have to listen to it twice if you want the real episode! For more NEStalgia as well as show notes and articles head over to www.NEStalgiacast.com
episode,33,COMMANDO,2018-09-07,2310,https://traffic.megaphone.fm/APO2154900379.mp3,https://podcasters.spotify.com/pod/show/nestalgia/episodes/033---COMMANDO-e25nkn,assets/episode-art/033-commando.jpg,,,"BACK TO THE FRONT! Super Joe, will do, what you say, when you say, back to the front. For more NEStalgia as well as show notes and articles head over to www.NEStalgiacast.com"
episode,32,1942,2018-08-31,2079,https://traffic.megaphone.fm/APO9568646956.mp3,https://podcasters.spotify.com/pod/show/nestalgia/episodes/032---1942-e24g8h,assets/episode-art/032-1942.jpg,episodes/032-1942.md,,Will it be victory? Or defeat? It's in your skillfull hands to master the SUPER ACE and make your way to Tokyo! For more NEStalgia as well as show notes and articles head over to www.NEStalgiacast.com
episode,31,NINJA KID,2018-08-24,2390,https://traffic.megaphone.fm/APO9400046115.mp3,https://podcasters.spotify.com/pod/show/nestalgia/episodes/031---NINJA-KID-e23ane,assets/episode-art/031-ninja-kid.jpg,,,"Ninja Kid is everyone's favorite least stealthy ninja who fights ghosts, cyclops, summons familiars and other non-ninja lore related things. So if Ninja Kid is barely about being a Ninja, how does it fare as a game? For more NEStalgia as well as show notes and articles head over to www.NEStalgiacast.com"
episode,30,TAG TEAM MATCH M.U.S.C.L.E,2018-08-17,1426,https://traffic.megaphone.fm/APO1859612845.mp3,https://podcasters.spotify.com/pod/show/nestalgia/episodes/030---TAG-TEAM-MATCH-M-U-S-C-L-E-e21j12,assets/episode-art/030-tag-team-match-m-u-s-c-l-e.jpg,,,Kinnikuman and company belly splash onto the NES in the second tag team wrestling game to be released in October of '86. Is it any better than Tag Team Wrestling? FIND OUT! For more NEStalgia as well as show notes and articles head over to www.NEStalgiacast.com
episode,29,CHUBBY CHERUB,2018-08-10,1947,https://traffic.megaphone.fm/APO4063104775.mp3,https://podcasters.spotify.com/pod/show/nestalgia/episodes/029---CHUBBY-CHERUB-e207i2,assets/episode-art/029-chubby-cherub.jpg,,,"Cupid's arrow tries to strike our hearts to love this game, but it's going to take more than a little naked angel for us to like this one. For more NEStalgia as well as show notes and articles head over to www.NEStalgiacast.com"
episode,28,TAG TEAM WRESTLING,2018-08-03,1611,https://traffic.megaphone.fm/APO5406593693.mp3,https://podcasters.spotify.com/pod/show/nestalgia/episodes/028---TAG-TEAM-WRESTLING-e1uka0,assets/episode-art/028-tag-team-wrestling.jpg,,,"Data East becomes the first third-party publisher to make a game for the NES, but is it any good?! For more NEStalgia as well as in-depth articles and show notes, go to www.NEStalgiacast.com"
episode,27,URBAN CHAMPION,2018-07-27,1705,https://traffic.megaphone.fm/APO4056368637.mp3,https://podcasters.spotify.com/pod/show/nestalgia/episodes/027---URBAN-CHAMPION-e1tp64,assets/episode-art/027-urban-champion.jpg,,,"Take all of your rage out on your opponent in Urban Champion! Or the game itself, like we do here on another episode of NEStalgia! For more NEStalgia as well as in-depth articles and show notes, go to www.NEStalgiacast.com"
episode,26,MACH RIDER,2018-07-20,3540,https://traffic.megaphone.fm/APO6138396390.mp3,https://podcasters.spotify.com/pod/show/nestalgia/episodes/026---MACH-RIDER-e1tp65,assets/episode-art/026-mach-rider.jpg,,,YOU are MACH RIDER...or maybe it's just Joe. The stand alone entry in this pre F-Zero gaming world offers a heck of a lot than just style points. For more NEStalgia as well as show notes from this episode head over to www.NEStalgiacast.com
episode,25,GUMSHOE,2018-07-13,1960,https://traffic.megaphone.fm/APO3721807574.mp3,https://podcasters.spotify.com/pod/show/nestalgia/episodes/025---GUMSHOE-e1tp66,assets/episode-art/025-gumshoe.jpg,,,"Mr. Stevenson is about to have a crazy 24 hours as his daughter has been kidnapped by King Dom...and be shot at by the player more than a thousand times. For more NEStalgia as well as the show notes for this episode, head over to NEStalgia.com"
episode,24,BALLOON FIGHT,2018-07-06,2084,https://traffic.megaphone.fm/APO2791335835.mp3,https://podcasters.spotify.com/pod/show/nestalgia/episodes/024---BALLOON-FIGHT-e1tp68,assets/episode-art/024-balloon-fight.jpg,,,"This Nintendo twist on Joust has been a classic for more than three decades now. Flap your way to your opponents and POP their balloons! For more NEStalgia as well as the show notes for this episode, head over to NEStalgia.com"
episode,23,POPEYE,2018-06-29,2285,https://traffic.megaphone.fm/APO5466908222.mp3,https://podcasters.spotify.com/pod/show/nestalgia/episodes/023---POPEYE-e1tp67,assets/episode-art/023-popeye.jpg,,,"It's Miyamoto's dream come true as Popeye finally makes it to the NES! Also, we now have all the launch titles from the Famicom. For more NEStalgia as well as the show notes for this episode, head over to NEStalgia.com"
episode,22,MARIO BROS.,2018-06-22,2689,https://traffic.megaphone.fm/APO4976018984.mp3,https://podcasters.spotify.com/pod/show/nestalgia/episodes/022---MARIO-BROS-e1tp69,assets/episode-art/022-mario-bros.jpg,,,"In this PIPIN' HOT episode of NEStalgia we go into the sewers to join the Mario Bros. before they head out to the Mushroom Kingdom. For more NEStalgia as well as the show notes for this episode, head over to NEStalgia.com"
episode,21,DONKEY KONG JR. MATH,2018-06-15,1550,https://traffic.megaphone.fm/APO5317132284.mp3,https://podcasters.spotify.com/pod/show/nestalgia/episodes/021---DONKEY-KONG-JR--MATH-e1tp6b,assets/episode-art/021-donkey-kong-jr-math.jpg,,,"It's the first (and last) game in the EDUCATION SERIES for NEStalgia. For links to EVERYTHING we talked about here, check out the shownotes on www.NEStalgiacast.com"
episode,20,DONKEY KONG 3,2018-06-08,1357,https://traffic.megaphone.fm/APO3172759458.mp3,https://podcasters.spotify.com/pod/show/nestalgia/episodes/020---DONKEY-KONG-3-e1tp6a,assets/episode-art/020-donkey-kong-3.jpg,,,"Donkey Kong 3 marks a departure from just about everything that made the classic Donkey Kong gameplay worth the quarter. For links to EVERYTHING we talked about here, check out the shownotes on www.NEStalgiacast.com"
episode,19,DONKEY KONG JR.,2018-06-01,1670,https://traffic.megaphone.fm/APO3230107750.mp3,https://podcasters.spotify.com/pod/show/nestalgia/episodes/019---DONKEY-KONG-JR-e1tp6e,assets/episode-art/019-donkey-kong-jr.jpg,,,"Donkey Kong had a kid?! And Mario is the villain? Everything is bananas in DK JR! For links to EVERYTHING we talked about here, check out the shownotes on www.NEStalgiacast.com"
episode,18,DONKEY KONG,2018-05-25,2978,https://traffic.megaphone.fm/APO4285582578.mp3,https://podcasters.spotify.com/pod/show/nestalgia/episodes/018---DONKEY-KONG-e1tp6c,assets/episode-art/018-donkey-kong.jpg,,,"We're going APE for Donkey Kong in the first episode of 1986 for NEStalgia. You don't want to miss this extra long episode where we cover one of the greatest arcade games of all time (but not one of the greatest NES games). For links to EVERYTHING we talked about here, check out the shownotes on www.NEStalgiacast.com"
special,,Special - Best of 1985,2018-05-18,4306,https://traffic.megaphone.fm/APO8490492297.mp3,https://podcasters.spotify.com/pod/show/nestalgia/episodes/Special---Best-of-1985-e1tp6d,assets/episode-art/special-best-of-1985.jpg,,,NEStalgia has finished 1985 and we're celebrating with a special recap episode and OUR TOP 5 GAMES ON THE NES...so far! This episode is full of fun little anectodes so stick around until the end!
episode,17,WRECKING CREW,2018-05-11,2399,https://traffic.megaphone.fm/APO3316405698.mp3,https://podcasters.spotify.com/pod/show/nestalgia/episodes/017---WRECKING-CREW-e1tp6g,assets/episode-art/017-wrecking-crew.jpg,,,Let's tear it up for the 17th and final episode of the NES launch games! For more NEStalgia visit NEStalgiacast.com and don't forget you can always contact as at contact@nestalgiacast.com
episode,16,WILD GUNMAN,2018-05-04,1527,https://traffic.megaphone.fm/APO5478375815.mp3,https://podcasters.spotify.com/pod/show/nestalgia/episodes/016---WILD-GUNMAN-e1tp6f,assets/episode-art/016-wild-gunman.jpg,,,"In this episode of NEStalgia break out your holster, BUT not too soon. You'll need great reflexes for Wild Gunman! For more NEStalgia visit NEStalgiacast.com where we host every episode and offer in depth reviews!"
episode,15,TENNIS,2018-04-27,1945,https://traffic.megaphone.fm/APO1184914670.mp3,https://podcasters.spotify.com/pod/show/nestalgia/episodes/015---TENNIS-e1tp6h,assets/episode-art/015-tennis.jpg,,,"In this episode of NEStalgia, get ready for a game that's a lot like Pong but with better graphics! It's TENNIS on the NES. For more NEStalgia and the show notes, visit NEStalgiacast.com"
episode,14,SUPER MARIO BROS.,2018-04-20,5901,https://traffic.megaphone.fm/APO8711528130.mp3,https://podcasters.spotify.com/pod/show/nestalgia/episodes/014---SUPER-MARIO-BROS-e1tp6j,assets/episode-art/014-super-mario-bros.jpg,,,"In this episode of NEStalgia, we take our longest jump into an NES game yet with the genre and system defining game that saved a medium: Super Mario Bros. For more NEStalgia and the show notes, visit NEStalgiacast.com"
episode,13,STACK-UP,2018-04-13,1984,https://traffic.megaphone.fm/APO6361484021.mp3,https://podcasters.spotify.com/pod/show/nestalgia/episodes/013---STACK-UP-e1tp6i,assets/episode-art/013-stack-up.jpg,,,In this episode of NEStalgia we're going off the honor system and pretending like podcasts matter. It's STACK-UP!
episode,12,SOCCER,2018-04-06,1703,https://traffic.megaphone.fm/APO1112325043.mp3,https://podcasters.spotify.com/pod/show/nestalgia/episodes/012---SOCCER-e1tp6l,assets/episode-art/012-soccer.jpg,,,"In this episode of NEStalgia, we’re taking a deep dive to make the save in Soccer. For more NEStalgia and links discussed in the episode visit NEStlagiacast.com"
episode,11,Pinball,2018-03-30,1558,https://traffic.megaphone.fm/APO3389930021.mp3,https://podcasters.spotify.com/pod/show/nestalgia/episodes/011---Pinball-e1tp6n,assets/episode-art/011-pinball.jpg,,,"In this episode of NEStalgia, we're moving to a different section of the Arcade. Get ready to flip out for Pinball! For more NEStalgia and links discussed in the episode visit NEStlagiacast.com"
episode,10,KUNG FU*,2018-03-23,2159,https://traffic.megaphone.fm/APO8301812457.mp3,https://podcasters.spotify.com/pod/show/nestalgia/episodes/010---KUNG-FU-e1tp6m,assets/episode-art/010-kung-fu.jpg,,,"In this episode of NEStalgia, we're earning our stripes through 5 floors of really random action. Can we save Sylvia and defeat DR. X? For more NEStalgia and links discussed in the episode visit NEStlagiacast.com"
episode,9,ICE CLIMBER,2018-03-16,1751,https://traffic.megaphone.fm/APO7858078516.mp3,https://podcasters.spotify.com/pod/show/nestalgia/episodes/009---ICE-CLIMBER-e1tp6k,assets/episode-art/009-ice-climber.jpg,,,"In this episode of NEStalgia, we're climbing our way to the top…that is if we can time the jump correctly. It's the NES Launch Title, Ice Climber!"
episode,8,HOGAN'S ALLEY,2018-03-09,1687,https://traffic.megaphone.fm/APO6402160573.mp3,https://podcasters.spotify.com/pod/show/nestalgia/episodes/008---HOGANS-ALLEY-e1tp6o,assets/episode-art/008-hogans-alley.jpg,,,"In this episode we reloaded the NES Zapper for our second foray into light gun games: Hogans Alley. For more on HOGAN'S ALLEY and EVERY NES game be sure to check out NEStalgiacast.com. At our website you can find detailed information about every game we play, our ESSENTIAL GAMES LIST, and links to our Twitch, YouTube, and more"
episode,7,GYROMITE,2018-03-02,1141,https://traffic.megaphone.fm/APO5140388543.mp3,https://podcasters.spotify.com/pod/show/nestalgia/episodes/007---GYROMITE-e1tp6p,assets/episode-art/007-gyromite.jpg,,,"Our buddy R.O.B attempts to prove his worth in the NES launch game, Gyromite. For more on GYROMITE and EVERY NES game be sure to check out NEStalgiacast.com. At our website you can find detailed information about every game we play, our ESSENTIAL GAMES LIST, and links to our Twitch, YouTube, and more!"
episode,6,GOLF,2018-02-23,2034,https://traffic.megaphone.fm/APO8754262819.mp3,https://podcasters.spotify.com/pod/show/nestalgia/episodes/006---GOLF-e1tp6r,assets/episode-art/006-golf.jpg,,,"It's time to hit the links with some Minimalist Golf!  See below for timecodes to jump ahead to a specific section. For more on GOLF and EVERY NES game be sure to check out NEStalgiacast.com. At our website you can find detailed information about every game we play, our ESSENTIAL GAMES LIST, and links to our Twitch, YouTube, and more!   00:41 - First Impressions    3:25 - Gameplay     7:11 - The Seven Elements of Golf     9:13 - Read the manual     12:00 - Replay Value     14:20 - Putting     16:15 - The Holes     21:44 - Stray Thoughts     23:39 - Wii Sports Classic     24:43 - Early Golf Games     25:28 - Iwata Tribute     26:44 - ESSENTIAL GAMES LIST"
episode,5,EXCITEBIKE,2018-02-16,2274,https://traffic.megaphone.fm/APO5649757513.mp3,https://podcasters.spotify.com/pod/show/nestalgia/episodes/005---EXCITEBIKE-e1tp6q,assets/episode-art/005-excitebike.jpg,,,"Rev your engines because in this episode we're taking a look at the motocross launch title, Excitebike! See below for timecodes to jump ahead to a specific section. For more on 10-Yard Fight and EVERY NES game be sure to check out NEStalgiacast.com. At our website you can find detailed information about every game we play, our ESSENTIAL GAMES LIST, and links to our Twitch, YouTube, and more!  01:18 - First Impressions  2:58 - Mode A  7:35 - Strategy  9:40 - Mode B  12:44 - Difficulty  15:15 - 2 Player Mode  16:16 - Design Mode  19:10 - Game Design  21:13 - E-Reader  22:19 - Other Versions  23:19 - ESSENTIAL GAMES LIST  29:31 - Contact  30:10 - POST SHOW: Hot Wheels"
episode,4,DUCK HUNT,2018-02-08,2263,https://traffic.megaphone.fm/APO3579214314.mp3,https://podcasters.spotify.com/pod/show/nestalgia/episodes/004---DUCK-HUNT-e1tp6t,assets/episode-art/004-duck-hunt.jpg,,,"In this episode, we're breaking out the Ol' CRT in order to play some NES Zapper Goodness. Does it still hold up in 2018? For more on Duck Hunt and EVERY NES game be sure to check out NEStalgiacast.com. At our website you can find detailed information about every game we play, our ESSENTIAL GAMES LIST, and links to our Twitch, YouTube, and more!"
episode,3,CLU CLU LAND,2018-02-03,2029,https://traffic.megaphone.fm/APO1334460312.mp3,https://podcasters.spotify.com/pod/show/nestalgia/episodes/003---CLU-CLU-LAND-e1tp6s,assets/episode-art/003-clu-clu-land.jpg,,,"In this episode we take a look at Nintendo's arcade classic, Clu Clu Land. For more on Clu Clu Land and EVERY NES game be sure to check out NEStalgiacast.com. At our website you can find detailed information about every game we play, our ESSENTIAL GAMES LIST, and links to our Twitch, YouTube, and more!  00:00 - Welcome  1:00 - Initial Impressions  3:29 - Gameplay  5:19 - Objective  6:52 - Strategy  7:29 - Kinesthetic  12:37 - What We Liked  16:27 - ESSENTIAL GAMES LIST  21:54 - Contact  22:35 - POST SHOW: Arcade Experiences"
episode,2,BASEBALL,2018-02-02,1998,https://traffic.megaphone.fm/APO1532667340.mp3,https://podcasters.spotify.com/pod/show/nestalgia/episodes/002---BASEBALL-e1tp6v,assets/episode-art/002-baseball.jpg,,,"In this episode we take a look at Baseball, a 1983 arcade game based on... you guessed it, baseball.  See below for timecodes to jump ahead to a specific section. For more on 10-Yard Fight and EVERY NES game be sure to check out NEStalgiacast.com. At our website you can find detailed information about every game we play, our ESSENTIAL GAMES LIST, and links to our Twitch, YouTube, and more!  00:00 - Welcome!  00:35 - What we mean by Chronological  01:49 - Introductions  02:08 - First Impressions  04:53 - Fielding  06:40 - Hitting  08:05 - Pitching  09:56 - Strategy  11:15 - Sam's Game  13:20 - Joe's Game  14:20 - HBP?  15:04 - Sound  15:55 - Other Thoughts  18:09 - NES Remix  19:52 - ESSENTIAL GAMES LIST  24:28 - MLB: The Show  26:11 - Post Show: Real Baseball"
episode,1,10-YARD FIGHT,2018-02-01,1886,https://traffic.megaphone.fm/APO1747443238.mp3,https://podcasters.spotify.com/pod/show/nestalgia/episodes/001---10-YARD-FIGHT-e1tp6u,assets/episode-art/001-10-yard-fight.jpg,,,"In the very first episode of NEStalgia we take a look at 10-Yard Fight. The 1983 American football arcade game that was developed and published in Japan by Irem and published in the United States by Taito. See below for timecodes to jump ahead to a specific section. For more on 10-Yard Fight and EVERY NES game be sure to check out NEStalgiacast.com. At our website you can find detailed information about every game we play, our ESSENTIAL GAMES LIST, and links to our Twitch, YouTube, and more! 00:00 - Welcome! 2:04 - NES Launch 3:48 - Initial Impressions 10:26 - Controls 11:07 - Mike's beef With 10-Yard 12:48 - Would Madden Exist Without This Game? 14:00 - What Happens When You Win... 15:56 - Sound Design 20:11 - THE ESSENTIAL GAMES LIST 25:15 - Post Show Real Football"
